Small unit postcode,Jul 2025 - Installation Quantity,Aug 2025 - Installation Quantity,Sep 2025 - Installation Quantity,Oct 2025 - Installation Quantity,Nov 2025 - Installation Quantity,Dec 2025 - Installation Quantity,Jan 2026 - Installation Quantity,Feb 2026 - Installation Quantity,Mar 2026 - Installation Quantity,Apr 2026 - Installation Quantity,May 2026 - Installation Quantity,Total Installation Quantity
0800,0,0,0,0,0,1,0,0,0,1,0,2
0810,16,24,16,14,22,22,9,16,24,32,1,196
0812,19,8,10,6,14,11,4,9,8,12,0,101
0820,5,6,6,12,16,16,3,4,12,20,1,101
0822,7,5,4,4,6,9,3,4,5,18,2,67
0828,1,2,1,1,5,2,2,3,2,2,0,21
0829,0,0,0,1,0,0,0,0,0,3,0,4
0830,10,8,15,9,8,15,4,6,7,14,2,98
0832,15,9,14,11,6,16,8,15,13,21,0,128
0834,2,2,0,2,1,3,1,1,3,8,0,23
0835,2,1,3,1,4,4,2,3,7,9,1,37
0836,5,5,6,1,5,8,4,6,6,16,0,62
0837,0,1,0,0,0,0,0,0,0,0,0,1
0838,1,0,0,0,0,0,1,2,2,2,0,8
0840,1,4,2,1,1,1,0,1,0,2,0,13
0841,0,0,0,0,0,1,1,0,0,4,0,6
0845,0,0,0,0,2,0,0,0,0,0,0,2
0846,0,0,0,0,1,0,1,0,0,0,0,2
0847,0,0,1,0,0,0,0,0,0,0,0,1
0850,0,0,5,1,2,7,1,0,2,3,0,21
0852,0,1,0,2,1,4,0,1,0,1,0,10
0860,0,0,0,0,0,1,0,0,0,1,0,2
0870,15,8,10,10,6,9,2,3,8,15,0,86
0872,1,0,0,1,6,7,0,1,0,0,0,16
0873,2,3,1,2,4,3,0,0,0,3,0,18
0874,0,0,0,0,0,0,1,0,0,0,0,1
0875,0,1,1,0,0,1,0,0,1,1,0,5
0880,2,1,0,0,0,0,0,0,0,0,0,3
0886,0,0,0,0,0,1,0,0,0,0,0,1
1710,0,0,0,0,0,0,0,0,1,0,0,1
2000,0,1,0,0,1,0,1,0,0,0,0,3
2007,0,0,0,0,0,0,0,0,0,1,1,2
2008,2,0,0,2,0,4,1,0,2,3,1,15
2009,0,0,0,0,1,0,0,0,0,0,0,1
2010,4,3,4,5,0,3,1,3,6,4,1,34
2011,0,0,0,0,1,0,0,0,1,0,0,2
2015,9,4,3,3,5,8,5,5,12,5,2,61
2016,2,0,1,1,2,2,0,1,2,5,0,16
2017,0,0,0,2,1,0,2,1,1,1,0,8
2018,11,7,6,16,12,8,9,12,14,17,4,116
2019,13,8,8,7,9,21,6,8,16,16,2,114
2020,15,6,5,10,12,14,8,9,8,19,2,108
2021,9,3,0,3,10,5,5,2,2,8,1,48
2022,5,5,3,8,7,6,4,12,10,5,1,66
2023,4,7,7,4,8,15,2,8,14,17,2,88
2024,11,4,13,7,8,13,9,3,17,20,4,109
2025,2,1,3,1,3,4,1,3,4,6,0,28
2026,12,10,11,12,13,19,11,15,14,32,3,152
2027,3,1,2,2,2,2,1,0,1,5,0,19
2028,2,2,0,2,3,2,1,2,2,2,0,18
2029,3,5,6,5,9,7,2,1,12,13,0,63
2030,12,6,11,10,25,11,3,8,25,33,3,147
2031,28,11,18,16,18,25,14,17,27,37,7,218
2032,7,7,11,13,10,10,6,17,19,19,5,124
2033,5,6,7,5,10,6,3,7,13,17,2,81
2034,12,8,11,9,13,10,13,22,21,36,2,157
2035,32,28,26,25,31,35,27,38,57,71,14,384
2036,18,28,24,23,41,41,28,35,69,69,8,384
2037,10,3,6,7,11,8,7,7,6,14,4,83
2038,11,5,3,11,11,7,2,7,10,14,4,85
2039,5,6,2,3,8,8,2,6,4,10,3,57
2040,21,16,18,21,22,21,22,21,32,37,12,243
2041,12,7,9,14,13,12,10,7,17,22,5,128
2042,5,12,12,7,11,9,7,8,14,8,3,96
2043,3,5,8,2,1,6,3,3,5,6,0,42
2044,8,3,13,6,8,9,11,9,8,9,4,88
2045,10,5,13,15,16,17,5,16,20,29,5,151
2046,16,18,16,26,33,38,23,33,42,73,6,324
2047,4,10,12,8,10,7,3,13,14,23,3,107
2048,6,6,6,2,7,7,6,10,6,8,3,67
2049,7,10,10,8,6,9,8,13,8,15,1,95
2050,3,0,1,0,2,1,0,2,5,2,0,16
2060,4,2,5,5,1,7,2,2,7,13,1,49
2061,0,0,1,2,1,0,0,0,2,1,0,7
2062,9,7,3,6,4,4,1,7,9,10,4,64
2063,16,4,8,10,15,15,13,8,23,29,0,141
2064,8,5,6,5,9,8,3,5,10,12,3,74
2065,18,13,24,17,18,18,13,33,23,42,2,221
2066,40,32,38,48,42,48,27,47,66,98,13,499
2067,16,10,12,22,29,33,23,20,44,52,4,265
2068,20,22,25,33,24,42,14,38,36,60,8,322
2069,26,12,26,27,39,30,20,29,50,73,5,337
2070,24,12,20,30,26,38,16,24,45,66,2,303
2071,13,14,22,28,36,44,22,37,48,63,4,331
2072,14,9,9,12,14,9,11,11,21,31,2,143
2073,29,29,33,37,33,49,24,38,59,96,2,429
2074,43,41,36,49,65,79,45,56,77,121,7,619
2075,37,26,43,47,46,68,40,66,63,96,8,540
2076,25,23,38,44,61,62,42,74,85,140,4,598
2077,36,33,38,65,53,71,35,62,73,102,14,582
2079,13,17,15,21,19,20,22,21,29,33,6,216
2080,1,4,5,2,2,2,6,4,0,7,1,34
2081,9,11,9,21,17,22,10,11,27,22,5,164
2082,12,13,7,12,19,14,12,16,23,29,6,163
2083,4,1,3,3,4,4,1,5,8,6,1,40
2084,8,3,12,11,7,11,5,12,13,28,2,112
2085,25,17,25,27,27,29,30,33,44,59,7,323
2086,20,19,21,33,26,23,27,29,47,44,12,301
2087,24,19,31,28,30,29,29,32,57,77,5,361
2088,32,16,19,18,28,31,21,25,36,49,6,281
2089,0,4,1,0,6,0,2,2,3,7,1,26
2090,4,8,1,5,10,7,4,4,5,14,1,63
2092,11,8,18,16,17,21,18,14,24,20,4,171
2093,43,28,37,35,42,34,23,44,53,65,10,414
2094,8,4,12,10,5,12,7,7,9,6,1,81
2095,11,9,8,10,10,15,9,18,17,10,0,117
2096,18,12,21,11,18,15,18,22,25,46,13,219
2097,19,13,14,22,21,10,18,20,25,48,7,217
2099,36,24,38,47,36,35,36,35,53,72,12,424
2100,38,28,33,35,32,30,19,46,51,63,10,385
2101,26,16,21,30,21,21,20,24,28,58,8,273
2102,18,10,8,12,12,7,7,10,20,28,2,134
2103,18,12,21,10,19,16,21,25,25,30,10,207
2104,9,1,9,6,5,14,8,11,8,18,1,90
2105,2,2,1,1,3,1,1,2,10,11,1,35
2106,15,7,12,9,15,20,16,18,16,23,3,154
2107,26,20,24,26,20,28,8,20,26,33,8,239
2108,3,6,0,2,5,6,2,2,1,6,3,36
2110,13,6,12,14,16,24,11,18,15,38,2,169
2111,16,4,14,23,26,30,17,27,45,47,6,255
2112,36,37,42,48,38,61,40,57,79,120,10,568
2113,28,23,30,35,39,41,25,30,59,73,7,390
2114,18,12,22,29,35,46,20,36,46,96,11,371
2115,11,8,21,20,22,28,15,10,30,38,2,205
2116,8,9,7,10,10,18,8,6,16,17,4,113
2117,25,21,31,33,53,66,26,45,58,95,4,457
2118,29,39,40,56,63,104,51,63,85,139,4,673
2119,24,14,18,23,39,48,32,39,41,83,2,363
2120,36,32,38,33,43,69,30,33,83,99,9,505
2121,33,47,41,49,69,114,44,78,109,131,9,724
2122,34,28,48,50,57,90,35,61,85,142,10,640
2125,37,40,49,54,85,98,52,72,98,136,8,729
2126,34,34,51,58,75,71,50,54,117,138,17,699
2127,8,4,7,7,1,6,8,12,19,10,3,85
2128,1,1,3,3,3,6,1,1,2,5,0,26
2130,4,6,4,6,4,4,7,5,4,19,1,64
2131,11,11,7,9,15,21,12,14,14,29,4,147
2132,7,6,8,11,13,11,4,20,22,32,6,140
2133,7,7,9,9,10,11,10,22,20,35,2,142
2134,10,7,13,8,13,10,6,9,16,19,3,114
2135,28,19,25,28,35,56,28,36,62,94,8,419
2136,1,7,8,18,16,8,8,14,15,22,1,118
2137,22,15,22,30,32,39,24,29,52,71,6,342
2138,10,7,14,12,17,20,14,18,25,34,1,172
2140,1,4,4,1,8,5,3,7,14,16,0,63
2141,10,16,25,23,31,43,23,31,60,84,10,356
2142,11,6,12,18,12,14,14,18,23,34,3,165
2143,5,6,12,13,16,8,7,17,31,49,2,166
2144,11,13,18,29,33,29,19,34,32,80,4,302
2145,74,69,77,92,121,161,104,156,194,282,24,"1,354"
2146,15,24,32,28,39,36,36,36,53,75,8,382
2147,44,52,43,64,75,99,53,72,130,158,25,815
2148,65,51,73,101,84,120,77,120,145,195,23,"1,054"
2150,2,4,5,5,8,9,5,8,9,9,1,65
2151,23,17,24,32,33,39,24,38,55,86,6,377
2152,10,11,10,14,19,18,13,19,18,49,4,185
2153,105,96,125,148,185,216,152,202,315,417,24,"1,985"
2154,52,67,89,102,132,187,98,160,182,276,17,"1,362"
2155,159,133,199,236,292,348,216,308,513,713,41,"3,158"
2156,37,23,20,25,46,64,24,54,61,83,3,440
2157,11,8,8,12,14,24,8,10,12,26,2,135
2158,18,19,19,24,27,36,16,31,30,70,4,294
2159,11,8,11,10,12,17,7,9,19,30,5,139
2160,16,16,24,22,28,40,26,32,36,86,5,331
2161,21,10,20,20,21,47,28,23,42,75,5,312
2162,6,11,13,34,21,26,24,20,44,73,4,276
2163,9,6,5,5,10,12,11,8,11,26,0,103
2164,14,11,24,18,31,49,20,41,45,53,2,308
2165,15,18,25,34,47,46,34,50,89,108,8,474
2166,37,36,46,60,63,86,57,84,122,152,12,755
2167,14,6,21,17,21,27,22,21,35,62,3,249
2168,27,28,34,47,42,70,45,54,107,142,23,619
2170,82,79,120,129,150,178,121,155,248,360,20,"1,642"
2171,49,25,47,81,71,95,56,86,156,199,20,885
2172,1,6,2,11,6,3,7,14,17,17,3,87
2173,17,17,30,23,28,34,32,36,41,67,8,333
2174,17,11,31,30,28,51,31,44,77,84,8,412
2175,4,2,1,4,8,6,0,4,5,18,1,53
2176,33,51,65,49,72,90,77,87,125,231,12,892
2177,16,10,13,22,30,31,23,34,46,62,5,292
2178,5,4,7,6,9,15,5,9,11,22,0,93
2179,40,49,55,67,73,86,63,114,136,254,16,953
2190,14,14,17,23,27,41,19,28,55,88,10,336
2191,6,4,1,7,8,8,3,6,9,14,1,67
2192,5,2,4,8,11,8,9,10,12,18,2,89
2193,14,15,15,14,15,23,13,15,34,33,4,195
2194,6,13,7,10,14,7,7,13,11,16,0,104
2195,4,4,5,7,6,10,7,13,14,33,2,105
2196,12,5,24,31,30,38,15,33,35,87,4,314
2197,2,6,3,9,9,23,9,10,17,28,1,117
2198,3,6,7,10,14,17,10,15,25,37,2,146
2199,5,10,11,14,20,33,13,21,35,65,2,229
2200,17,16,24,29,35,43,34,29,67,81,5,380
2203,12,6,9,7,6,5,8,8,18,19,1,99
2204,17,16,22,30,17,26,15,18,33,41,11,246
2205,7,8,6,7,9,12,9,12,16,35,2,123
2206,22,14,21,26,32,31,32,22,36,40,11,287
2207,12,16,25,30,33,50,26,31,54,72,5,354
2208,11,6,23,13,18,21,16,14,26,38,5,191
2209,9,10,18,30,30,31,24,25,34,49,1,261
2210,20,32,31,41,54,53,41,46,71,100,11,500
2211,18,17,17,29,26,34,19,40,47,66,8,321
2212,17,21,15,22,27,31,23,31,62,54,9,312
2213,27,41,41,38,57,66,38,34,73,85,10,510
2214,2,6,5,9,11,7,6,8,15,14,2,85
2216,10,16,11,18,22,20,19,24,28,41,3,212
2217,12,18,14,16,34,18,14,17,39,50,4,236
2218,4,5,14,11,18,9,16,12,22,37,0,148
2219,9,6,8,14,21,14,12,15,26,40,3,168
2220,12,18,22,29,36,37,25,38,45,91,5,358
2221,14,16,21,30,30,36,22,33,56,78,8,344
2222,9,5,7,17,19,11,6,18,12,32,5,141
2223,21,23,35,30,43,35,25,36,47,74,7,376
2224,12,11,19,30,31,31,16,12,26,47,2,237
2225,9,3,7,13,12,13,3,8,16,25,4,113
2226,18,12,27,23,21,26,20,23,30,43,9,252
2227,19,12,22,21,19,26,15,22,24,45,5,230
2228,15,12,20,20,26,24,16,30,31,47,5,246
2229,25,29,35,51,31,47,21,35,58,73,9,414
2230,25,17,27,33,33,33,23,39,40,56,10,336
2231,2,3,3,2,2,3,3,0,2,7,2,29
2232,31,28,46,48,39,57,42,61,64,91,14,521
2233,45,23,47,37,33,51,57,66,87,77,12,535
2234,42,46,59,65,90,74,62,89,108,149,16,800
2250,77,56,93,106,114,129,88,122,164,205,37,"1,191"
2251,57,33,54,66,59,63,58,81,79,111,20,681
2256,21,15,35,22,25,16,16,28,28,36,6,248
2257,55,55,45,60,61,68,24,50,68,64,21,571
2258,8,13,8,10,12,10,8,13,16,19,2,119
2259,101,77,94,123,133,134,109,127,149,206,53,"1,306"
2260,38,33,43,39,47,48,25,55,68,84,14,494
2261,86,62,72,78,70,68,75,81,102,140,15,849
2262,15,21,23,19,31,28,17,24,38,45,10,271
2263,21,16,29,20,40,30,21,29,42,50,7,305
2264,32,24,24,38,34,33,26,23,45,45,7,331
2265,23,18,18,26,17,20,13,21,23,39,12,230
2267,2,4,3,8,4,6,1,5,5,10,3,51
2278,6,2,7,4,3,2,7,3,4,6,3,47
2280,35,33,35,60,54,53,42,51,70,91,19,543
2281,22,20,21,27,45,37,18,34,40,40,11,315
2282,24,28,28,41,44,40,26,33,52,68,9,393
2283,42,32,45,43,59,58,41,39,68,85,20,532
2284,28,29,17,22,30,27,24,34,27,57,9,304
2285,45,37,53,49,38,50,48,77,78,123,23,621
2286,7,3,10,7,7,3,6,9,5,15,4,76
2287,50,35,72,55,56,60,52,73,69,115,23,660
2289,25,12,24,23,37,34,26,30,54,60,9,334
2290,38,37,38,48,60,48,57,49,77,99,24,575
2291,30,16,22,29,27,28,14,18,46,46,8,284
2292,2,5,3,3,5,3,4,5,6,9,4,49
2293,2,0,4,1,1,4,2,5,8,8,3,38
2294,0,2,1,0,4,5,1,4,2,7,0,26
2295,14,11,14,20,22,9,18,21,23,27,2,181
2296,2,0,1,2,0,1,2,3,4,7,0,22
2297,1,2,2,3,1,2,1,7,6,8,0,33
2298,9,7,7,5,10,11,12,15,11,29,5,121
2299,18,8,10,11,15,19,16,19,23,35,5,179
2300,10,8,7,9,14,15,3,15,11,15,4,111
2302,0,0,0,0,0,0,0,0,1,0,0,1
2303,21,11,9,16,21,24,13,18,32,27,5,197
2304,21,16,21,14,23,35,18,27,27,31,11,244
2305,20,7,29,33,19,29,28,43,39,48,11,306
2306,0,0,2,0,0,2,0,1,1,2,0,8
2307,2,2,1,4,4,4,6,5,5,4,3,40
2311,2,0,1,1,5,1,1,1,3,2,0,17
2312,2,4,2,1,3,3,0,0,2,9,0,26
2315,27,27,24,30,27,34,19,30,33,31,9,291
2316,12,8,8,14,10,16,11,12,16,10,4,121
2317,13,7,12,10,13,18,14,17,19,16,3,142
2318,27,24,39,26,43,37,38,42,49,72,22,419
2319,8,6,9,19,12,9,12,14,15,14,3,121
2320,92,51,51,80,71,84,57,83,127,146,35,877
2321,40,34,46,44,62,55,34,66,64,79,19,543
2322,54,43,49,51,59,46,49,55,67,95,15,583
2323,34,22,31,31,44,44,33,57,66,59,17,438
2324,53,26,53,55,65,62,33,55,61,89,23,575
2325,57,47,38,49,49,53,41,59,87,74,20,574
2326,10,9,12,13,15,14,11,23,31,24,6,168
2327,9,9,7,12,9,7,6,10,12,13,3,97
2328,2,2,5,4,0,8,3,4,4,12,0,44
2329,3,0,2,1,1,3,3,3,7,5,1,29
2330,47,19,33,43,28,36,36,45,57,77,9,430
2333,25,17,24,16,22,14,17,14,32,28,6,215
2334,13,9,3,6,2,11,5,8,14,24,4,99
2335,25,18,21,14,25,15,18,17,30,43,9,235
2336,5,2,5,3,2,10,6,6,2,2,0,43
2337,10,6,14,11,10,11,10,14,13,16,3,118
2338,2,1,1,2,0,4,0,3,1,3,0,17
2339,0,0,2,1,0,0,0,2,1,0,0,6
2340,60,36,63,70,85,102,36,66,97,110,16,741
2341,3,1,6,4,1,10,4,2,3,1,1,36
2342,1,0,0,0,0,1,0,2,1,2,1,8
2343,4,10,10,9,5,7,4,5,5,14,2,75
2344,0,0,3,0,4,2,1,1,1,2,0,14
2345,1,2,1,0,2,2,0,0,0,3,0,11
2346,2,4,4,4,6,7,1,1,6,9,0,44
2347,2,2,5,1,1,2,0,3,2,3,0,21
2350,32,18,25,40,48,41,24,35,40,66,5,374
2352,8,2,2,1,3,6,1,6,7,6,0,42
2353,1,0,1,0,1,3,0,0,1,6,1,14
2354,4,7,5,2,5,3,2,6,1,9,1,45
2355,0,0,0,1,2,0,0,1,1,2,0,7
2356,0,0,0,0,0,1,0,0,0,0,0,1
2357,1,1,12,4,3,5,1,5,3,10,0,45
2358,9,2,10,9,5,7,6,12,10,10,0,80
2359,1,0,1,2,0,2,1,1,4,1,1,14
2360,8,8,9,21,10,21,6,29,26,27,5,170
2361,1,1,2,5,0,0,0,1,2,7,2,21
2365,3,2,8,9,6,5,0,3,6,9,0,51
2369,0,0,2,1,1,5,0,0,2,2,0,13
2370,5,5,10,10,7,17,5,10,24,20,1,114
2371,0,0,0,2,2,2,2,6,5,8,1,28
2372,5,6,6,7,12,10,7,7,11,15,1,87
2379,0,0,2,0,0,0,1,1,0,0,0,4
2380,7,9,22,13,8,14,5,17,17,23,2,137
2381,2,0,2,0,0,2,1,2,1,2,0,12
2382,3,1,2,1,2,0,2,0,1,0,0,12
2386,0,0,0,1,0,1,0,0,0,0,0,2
2387,0,0,0,0,0,2,0,0,0,0,0,2
2388,5,0,2,0,0,2,0,2,2,0,0,13
2390,16,7,10,12,11,5,12,5,6,15,0,99
2395,0,0,1,0,2,0,1,0,2,0,0,6
2396,0,0,0,0,2,0,0,1,1,0,0,4
2397,0,0,0,0,0,0,1,3,1,0,0,5
2398,0,0,0,0,0,0,0,0,3,0,0,3
2399,1,0,0,0,0,1,1,0,0,2,1,6
2400,6,7,1,7,13,16,13,12,4,12,0,91
2401,1,0,0,0,0,1,0,3,4,0,0,9
2402,1,0,0,3,3,2,4,2,2,5,0,22
2403,1,2,2,1,1,0,0,1,2,1,0,11
2404,0,2,1,1,6,0,2,2,5,7,0,26
2405,0,0,0,0,0,0,0,1,0,3,0,4
2406,0,0,1,0,1,0,1,0,3,3,0,9
2409,0,1,0,0,0,1,1,1,0,0,0,4
2415,2,1,1,1,1,1,1,0,2,1,0,11
2420,9,5,3,11,5,11,9,7,4,9,2,75
2421,7,1,3,3,7,8,3,3,12,9,6,62
2422,5,6,7,6,11,12,7,9,13,25,3,104
2423,8,6,4,10,6,6,5,9,11,11,0,76
2424,0,1,0,2,1,1,1,0,0,2,0,8
2425,2,5,5,5,3,8,2,9,3,5,0,47
2426,0,0,2,1,3,1,0,3,1,2,0,13
2427,7,6,15,9,10,7,3,6,7,11,0,81
2428,21,26,41,28,52,46,18,37,38,54,7,368
2429,10,6,13,9,15,13,13,9,18,33,3,142
2430,41,30,62,50,50,60,35,50,73,73,10,534
2431,10,12,5,20,8,11,3,9,9,12,5,104
2439,6,9,17,12,5,19,9,5,7,14,0,103
2440,18,15,16,24,22,31,20,34,34,49,8,271
2441,5,5,6,7,8,9,7,8,13,13,0,81
2443,8,7,13,16,14,23,9,20,21,24,2,157
2444,69,61,63,63,78,89,56,69,96,94,24,762
2445,16,5,20,13,15,23,20,23,19,14,2,170
2446,17,15,28,29,18,36,9,24,37,51,8,272
2447,14,5,13,18,10,26,10,15,12,28,3,154
2448,15,10,9,12,12,15,12,11,21,28,4,149
2449,3,3,3,3,3,5,1,4,3,9,0,37
2450,80,65,53,71,85,82,48,71,103,119,16,793
2452,25,10,13,16,19,23,14,24,29,40,5,218
2453,8,5,10,3,4,8,3,1,3,9,1,55
2454,20,15,11,17,12,22,3,10,21,39,11,181
2455,10,5,4,9,6,3,5,5,10,16,1,74
2456,17,15,30,36,46,33,24,34,31,41,5,312
2460,33,37,47,45,53,58,27,55,58,105,11,529
2462,2,9,4,7,9,5,5,5,5,6,1,58
2463,10,19,21,36,31,22,17,14,17,37,4,228
2464,9,18,24,22,27,28,11,12,22,28,2,203
2465,0,1,0,0,1,1,0,0,1,0,0,4
2466,5,2,3,4,4,3,1,3,10,7,1,43
2469,4,9,5,10,9,19,11,7,13,25,2,114
2470,40,21,23,28,27,26,13,25,34,54,10,301
2471,5,3,3,6,6,6,3,4,9,6,1,52
2472,10,5,2,5,3,6,4,6,3,7,0,51
2473,7,6,4,10,12,11,8,14,10,15,5,102
2474,18,15,12,15,13,15,6,22,19,35,6,176
2475,0,1,0,1,1,1,0,0,0,2,0,6
2476,0,1,2,0,1,0,0,2,0,1,0,7
2477,27,25,32,26,36,35,27,42,36,41,6,333
2478,58,66,82,76,83,81,66,87,83,115,22,819
2479,22,21,23,23,18,24,9,18,27,45,4,234
2480,145,93,91,99,107,139,73,108,145,182,19,"1,201"
2481,33,28,34,32,36,48,14,25,43,82,9,384
2482,14,15,31,21,21,39,12,24,27,44,8,256
2483,34,31,42,28,26,39,16,28,47,67,13,371
2484,46,31,39,56,47,61,24,43,47,92,12,498
2485,14,12,7,20,21,28,7,14,17,33,4,177
2486,83,57,52,65,61,84,37,55,69,102,19,684
2487,44,25,35,31,40,54,16,32,45,54,7,383
2488,11,6,7,5,9,10,4,9,8,22,0,91
2489,18,16,14,14,21,23,13,22,20,30,3,194
2490,2,0,0,0,0,0,1,2,1,0,0,6
2500,18,24,20,21,34,32,28,39,56,75,12,359
2502,15,13,9,10,10,18,9,11,11,21,6,133
2505,7,7,4,7,10,14,8,9,15,13,2,96
2506,13,7,8,9,8,8,10,11,5,12,2,93
2508,20,9,17,24,23,23,9,17,33,36,19,230
2515,28,21,21,30,37,33,27,32,39,60,14,342
2516,13,7,11,15,12,13,14,21,22,35,7,170
2517,15,8,11,19,28,25,23,29,29,39,5,231
2518,22,13,14,29,30,26,13,29,32,41,2,251
2519,16,18,14,25,22,27,28,33,36,43,12,274
2525,24,15,19,12,23,27,20,41,42,37,6,266
2526,22,21,32,30,30,38,28,32,48,74,10,365
2527,65,48,50,61,41,62,53,65,68,73,17,603
2528,27,17,19,17,30,28,25,26,34,39,13,275
2529,50,32,47,37,55,41,39,49,59,74,21,504
2530,64,47,59,63,74,58,59,89,94,100,14,721
2533,47,34,35,47,54,47,48,46,80,64,10,512
2534,22,16,7,13,13,13,15,12,24,26,5,166
2535,20,18,25,28,21,17,18,21,37,50,2,257
2536,32,30,42,40,36,39,20,38,47,68,7,399
2537,28,16,19,39,35,24,10,23,24,52,4,274
2538,10,4,5,5,6,10,2,5,8,14,2,71
2539,48,41,30,39,41,42,23,30,45,59,8,406
2540,122,101,114,98,95,107,68,113,132,155,41,"1,146"
2541,59,45,28,20,47,36,32,52,59,67,20,465
2545,0,1,5,4,5,6,2,3,4,6,3,39
2546,16,5,23,25,19,21,9,22,23,37,4,204
2548,10,5,15,8,22,21,10,11,17,25,5,149
2549,5,3,6,7,1,9,6,6,11,6,2,62
2550,27,23,26,27,26,42,18,34,29,58,5,315
2551,7,5,2,4,1,11,6,6,5,6,1,54
2556,0,0,2,2,3,4,1,1,1,4,0,18
2557,47,25,35,55,62,69,39,66,108,164,18,688
2558,15,6,13,21,18,13,14,27,34,35,7,203
2559,2,0,1,3,7,14,0,9,14,25,1,76
2560,86,80,129,114,103,126,115,169,216,297,34,"1,469"
2563,4,2,3,0,11,6,4,11,5,22,1,69
2564,8,15,16,19,26,22,11,25,27,52,5,226
2565,45,36,52,78,75,103,58,83,118,217,10,875
2566,48,30,61,45,44,55,44,61,89,126,9,612
2567,66,57,68,98,78,76,75,83,128,175,24,928
2568,5,1,1,6,4,8,2,5,8,16,2,58
2569,4,2,6,2,2,10,3,6,4,6,0,45
2570,113,77,98,128,116,179,101,159,192,306,46,"1,515"
2571,25,14,31,32,30,39,21,45,50,74,7,368
2572,4,4,8,12,15,15,6,12,15,22,2,115
2573,5,8,14,7,2,8,10,10,15,13,2,94
2574,8,6,6,14,9,10,4,15,16,23,2,113
2575,60,33,34,39,31,44,34,42,46,56,13,432
2576,45,29,32,34,41,32,12,34,37,42,12,350
2577,64,32,51,56,41,42,35,36,43,71,10,481
2578,9,7,8,18,11,12,7,4,12,15,3,106
2579,14,11,14,15,10,23,15,15,13,25,2,157
2580,54,30,44,58,48,54,31,47,58,94,9,527
2581,9,8,2,6,7,10,3,6,9,11,3,74
2582,37,26,36,28,26,35,25,41,49,76,14,393
2583,12,6,17,11,12,9,7,11,18,17,0,120
2584,1,5,1,3,1,0,0,0,4,3,0,18
2585,2,0,1,1,0,0,0,1,0,1,0,6
2586,4,6,13,8,13,10,3,9,5,17,0,88
2587,2,13,10,13,15,15,0,6,6,9,2,91
2588,2,0,0,0,1,0,0,2,2,1,1,9
2590,12,11,12,10,7,11,6,9,12,17,1,108
2594,4,12,12,13,20,15,7,15,19,29,2,148
2600,8,4,7,10,13,21,8,12,14,24,1,122
2602,39,30,41,34,44,51,38,47,54,92,13,483
2603,13,14,13,11,19,20,5,16,20,28,3,162
2604,5,7,7,14,14,11,9,8,8,14,1,98
2605,12,11,15,20,14,17,13,14,27,39,6,188
2606,10,10,13,9,10,16,10,15,16,21,1,131
2607,19,14,22,23,21,30,23,24,34,43,4,257
2609,1,2,0,1,0,0,0,2,0,3,0,9
2611,63,73,70,84,76,108,60,85,128,183,10,940
2612,10,3,7,13,10,15,8,8,14,20,2,110
2614,39,28,20,41,30,38,25,36,44,68,4,373
2615,68,55,72,72,73,92,54,94,111,141,14,846
2617,55,34,33,47,32,44,24,48,52,94,12,475
2618,0,2,3,5,5,1,0,6,2,7,0,31
2619,19,13,17,13,20,18,14,29,33,35,4,215
2620,82,66,67,109,86,145,76,117,130,188,29,"1,095"
2621,23,12,17,33,17,19,16,16,27,50,9,239
2622,9,23,14,19,13,25,8,17,21,19,4,172
2623,0,0,0,0,0,2,0,1,0,0,0,3
2624,0,0,0,0,0,0,1,0,0,0,0,1
2626,2,0,0,0,1,1,2,3,1,4,0,14
2627,5,5,13,8,13,18,7,9,21,15,1,115
2628,0,4,1,4,2,1,5,3,4,6,0,30
2629,0,2,0,0,1,2,1,0,2,4,1,13
2630,9,6,7,11,11,10,14,16,16,12,3,115
2631,0,0,0,1,0,0,2,1,1,2,0,7
2632,1,1,1,0,2,6,2,0,3,5,1,22
2633,0,0,0,0,0,0,0,0,4,0,0,4
2640,87,60,65,76,77,125,43,70,127,156,23,909
2641,23,13,23,27,19,28,7,24,28,59,5,256
2642,11,18,23,12,19,24,10,16,18,28,1,180
2643,11,3,6,5,3,9,1,9,3,3,2,55
2644,11,6,9,8,8,7,6,6,7,3,0,71
2645,0,1,1,0,1,0,0,4,0,1,0,8
2646,22,8,6,11,13,14,7,10,9,17,2,119
2647,5,2,8,3,8,5,3,4,5,6,0,49
2648,1,1,4,7,7,4,2,2,1,3,0,32
2650,119,90,85,79,86,98,54,101,115,123,18,968
2651,7,3,6,2,2,0,1,2,3,1,0,27
2652,9,8,6,9,9,7,1,5,15,19,2,90
2653,2,1,3,5,1,5,1,2,2,2,2,26
2655,7,1,1,5,9,4,1,2,2,3,0,35
2656,5,2,0,0,6,3,0,1,1,3,1,22
2658,2,6,5,4,3,3,2,1,5,6,0,37
2659,5,5,2,1,2,4,3,4,4,5,0,35
2660,2,6,5,4,0,4,2,3,2,6,1,35
2661,0,0,0,0,0,0,1,0,0,0,0,1
2663,5,7,5,6,7,4,2,5,4,10,1,56
2665,1,3,4,0,2,3,0,0,3,4,0,20
2666,5,7,13,10,7,14,5,6,12,8,3,90
2668,0,1,0,1,1,0,0,0,1,0,2,6
2669,2,5,4,2,5,1,1,2,5,2,1,30
2671,6,18,9,3,11,3,2,3,4,5,1,65
2672,7,2,0,4,3,3,2,3,4,4,0,32
2675,1,1,0,0,4,2,4,2,5,8,2,29
2680,18,17,38,24,35,62,45,23,52,108,4,426
2681,1,4,0,0,1,4,3,2,4,4,1,24
2700,3,7,5,9,5,20,5,12,17,15,1,99
2701,4,5,8,4,3,5,4,4,7,8,0,52
2702,6,2,0,1,2,4,0,3,1,2,0,21
2703,3,1,1,1,3,3,1,3,1,1,2,20
2705,15,17,10,25,16,22,34,10,29,44,7,229
2706,1,3,5,4,3,2,1,1,2,2,1,25
2707,1,2,2,2,0,1,1,0,7,5,0,21
2710,15,13,17,16,10,20,9,4,23,45,3,175
2711,0,6,8,4,11,8,0,2,10,5,2,56
2712,2,0,4,7,7,4,0,4,0,1,2,31
2713,12,5,3,8,2,3,1,3,3,9,1,50
2714,8,4,5,5,8,4,2,5,11,5,1,58
2715,0,0,1,3,1,0,0,0,0,1,0,6
2716,5,7,5,0,4,3,2,0,1,5,0,32
2717,1,0,0,0,3,0,0,0,2,0,0,6
2720,12,13,17,16,17,14,10,12,11,17,3,142
2721,0,1,0,0,0,0,0,0,2,0,0,3
2722,1,4,7,5,14,9,5,2,4,13,1,65
2725,1,2,2,0,2,1,0,0,1,0,0,9
2726,0,0,0,0,0,0,0,0,0,3,0,3
2727,0,1,0,0,1,1,0,0,0,1,0,4
2729,4,3,4,5,7,6,3,6,1,4,0,43
2730,1,2,1,0,5,0,1,0,2,1,1,14
2731,12,10,9,8,16,13,10,9,31,21,5,144
2732,3,5,4,5,7,6,1,4,3,3,1,42
2733,0,0,0,0,0,2,0,0,1,0,0,3
2734,1,2,0,1,0,2,0,0,2,2,0,10
2735,2,0,0,0,0,0,0,0,1,0,0,3
2736,0,0,0,0,0,0,0,1,0,0,0,1
2737,0,0,0,0,1,0,0,1,1,1,0,4
2738,0,1,1,4,1,7,1,2,1,15,0,33
2739,0,1,0,0,2,2,2,2,0,5,0,14
2745,63,40,51,59,59,82,71,102,107,172,17,823
2747,82,70,82,90,93,123,78,111,171,235,26,"1,161"
2748,1,2,3,0,3,3,2,3,11,9,0,37
2749,23,23,19,32,31,25,23,44,46,56,14,336
2750,64,54,57,73,63,101,64,78,92,106,22,774
2752,12,7,18,14,14,10,19,13,17,33,3,160
2753,31,28,18,28,31,41,22,29,42,71,3,344
2754,10,10,8,14,22,22,20,17,27,38,6,194
2756,52,44,60,64,66,75,43,65,81,115,13,678
2757,2,1,1,2,0,5,2,2,3,5,0,23
2758,9,12,21,20,29,20,14,22,43,67,9,266
2759,51,37,35,45,57,72,42,50,83,85,24,581
2760,38,22,29,40,49,51,34,49,63,72,12,459
2761,50,45,67,73,85,102,62,73,110,201,24,892
2762,44,42,53,76,69,98,64,107,148,235,9,945
2763,37,43,54,60,88,131,88,107,172,256,14,"1,050"
2765,126,144,206,246,256,392,242,330,554,923,46,"3,465"
2766,18,21,21,24,19,38,24,19,43,38,4,269
2767,19,25,35,40,36,54,49,53,88,123,13,535
2768,42,47,54,76,84,127,72,121,161,237,11,"1,032"
2769,41,42,51,63,68,102,48,65,133,225,8,846
2770,47,65,54,45,66,83,43,59,81,133,22,698
2773,17,5,21,18,14,16,21,17,22,37,8,196
2774,30,32,27,33,26,33,30,26,40,50,10,337
2775,4,0,6,3,1,2,4,3,4,4,2,33
2776,8,6,11,9,9,12,13,8,14,18,5,113
2777,48,36,24,44,41,61,32,35,58,63,18,460
2778,7,3,4,3,10,3,7,4,9,7,0,57
2779,20,8,6,9,9,6,4,10,11,15,1,99
2780,50,25,24,27,25,30,26,32,34,52,9,334
2782,17,21,18,16,21,17,8,18,24,26,5,191
2783,7,6,4,9,5,10,3,2,7,9,7,69
2784,1,1,1,4,3,3,3,2,1,8,0,27
2785,19,13,8,12,20,18,13,9,27,19,4,162
2786,5,1,3,4,5,8,3,3,5,13,1,51
2787,3,6,6,3,10,4,3,10,10,14,2,71
2790,26,21,28,15,32,20,21,36,30,35,2,266
2791,0,1,0,0,2,0,0,0,1,1,0,5
2792,0,0,1,0,1,0,0,4,3,2,0,11
2793,2,0,1,1,2,1,0,7,3,4,1,22
2794,18,22,8,13,19,19,3,13,34,27,3,179
2795,71,64,85,74,103,109,57,89,117,114,23,906
2797,0,0,0,0,0,0,1,1,1,0,1,4
2798,2,3,4,8,4,10,4,9,8,9,3,64
2799,9,10,8,9,13,9,4,9,9,7,2,89
2800,62,82,65,86,95,112,69,102,107,143,22,945
2803,0,0,0,0,0,3,0,1,1,1,0,6
2804,7,5,8,7,3,1,5,2,14,5,2,59
2805,0,0,1,0,0,0,0,1,0,1,0,3
2806,3,1,1,0,1,1,0,1,0,0,1,9
2807,0,0,0,2,0,3,1,2,0,0,0,8
2808,0,1,1,1,0,0,0,1,0,0,0,4
2809,0,0,0,1,1,1,0,0,2,0,1,6
2810,4,4,5,12,4,4,3,6,3,13,0,58
2817,0,0,0,0,0,0,0,0,2,0,0,2
2818,0,1,1,4,4,1,0,1,0,3,0,15
2820,16,12,11,19,15,15,4,17,15,13,0,137
2821,6,5,3,1,5,3,2,5,8,11,2,51
2822,1,1,2,0,2,2,0,0,0,2,0,10
2823,1,1,2,2,2,2,0,3,6,7,0,26
2824,4,1,0,4,2,4,3,1,9,5,0,33
2825,1,0,1,7,3,3,2,10,4,8,0,39
2826,0,0,0,2,0,0,0,0,0,0,0,2
2827,6,3,6,5,4,8,2,5,4,17,2,62
2828,2,7,1,5,0,1,0,1,5,1,0,23
2829,0,0,0,2,6,8,1,3,10,3,0,33
2830,48,46,51,70,65,77,23,63,69,105,10,627
2831,0,0,4,3,4,10,1,2,4,7,1,36
2832,0,0,1,5,3,9,0,2,3,1,0,24
2833,0,1,1,2,0,0,0,0,0,0,0,4
2834,0,5,0,2,3,0,0,0,0,2,0,12
2835,6,5,7,16,14,0,0,1,2,3,1,55
2836,0,1,2,0,0,0,0,0,1,1,0,5
2839,0,3,0,0,0,0,0,0,0,2,0,5
2840,0,5,3,2,0,0,0,4,2,2,0,18
2842,0,1,1,4,1,1,1,0,3,2,0,14
2843,0,0,0,2,3,6,0,0,4,8,0,23
2844,2,3,4,5,5,8,0,1,4,5,0,37
2845,5,2,3,2,4,3,1,3,3,5,0,31
2846,0,1,1,2,0,3,0,0,1,2,0,10
2847,4,10,8,10,9,5,8,5,5,6,1,71
2848,2,0,3,3,3,0,0,0,4,1,0,16
2849,3,7,4,3,2,6,2,2,5,6,1,41
2850,35,23,26,47,26,35,23,19,29,62,7,332
2852,9,2,4,3,5,6,4,2,2,6,2,45
2864,1,0,4,2,2,3,1,0,4,5,0,22
2865,0,1,2,0,0,2,1,1,2,1,1,11
2866,4,8,4,1,7,10,4,4,13,3,0,58
2867,1,1,0,0,0,2,0,0,3,1,0,8
2868,0,4,0,2,0,3,0,0,0,0,0,9
2869,3,1,2,5,5,7,2,3,3,2,1,34
2870,16,15,17,18,20,15,9,20,18,28,0,176
2871,8,5,7,6,10,12,5,3,17,19,1,93
2873,0,1,0,0,0,1,0,0,1,0,0,3
2874,2,0,0,0,0,0,1,0,1,0,0,4
2875,0,0,0,5,4,1,0,0,1,1,0,12
2876,1,0,0,2,0,0,0,0,0,2,0,5
2877,6,7,7,3,8,9,0,3,3,7,1,54
2878,0,0,1,0,0,0,0,0,1,0,0,2
2879,3,1,3,1,2,3,0,0,0,1,0,14
2880,39,30,23,22,32,57,28,39,41,69,8,388
2899,37,6,11,13,17,10,8,12,6,12,0,132
2900,2,1,1,2,0,4,2,1,1,5,2,21
2902,34,17,27,23,27,37,20,26,26,36,5,278
2903,18,9,11,12,22,20,8,20,18,25,1,164
2904,17,24,9,22,18,25,13,20,23,44,10,225
2905,45,33,33,43,42,47,20,49,50,55,14,431
2906,23,21,35,30,32,27,25,25,25,43,6,292
2911,9,6,7,16,8,10,9,5,16,18,3,107
2912,4,3,7,5,9,11,8,6,13,17,0,83
2913,60,53,68,59,71,114,50,72,111,164,9,831
2914,41,35,56,66,70,88,38,67,90,139,9,699
3002,0,0,1,2,0,1,0,0,3,0,0,7
3003,0,0,0,3,0,3,2,2,1,1,0,12
3006,0,0,0,0,1,0,0,0,0,0,0,1
3008,1,0,0,0,2,0,1,0,0,2,0,6
3011,7,13,10,8,9,7,9,13,10,11,3,100
3012,16,11,16,16,17,24,18,18,19,20,1,176
3013,8,14,10,13,15,19,4,16,18,16,0,133
3015,8,11,16,13,13,13,11,15,18,20,2,140
3016,11,7,10,13,9,14,5,16,16,20,0,121
3018,11,13,16,8,17,23,6,11,9,12,1,127
3019,9,6,6,4,11,4,6,11,10,7,0,74
3020,23,16,26,37,31,49,19,46,45,43,0,335
3021,29,20,31,40,45,34,29,29,35,43,3,338
3022,1,0,3,2,1,0,1,0,0,1,1,10
3023,20,43,54,63,71,111,43,87,92,116,2,702
3024,51,34,45,63,73,107,48,98,130,129,3,781
3025,9,6,10,9,9,12,5,7,12,5,2,86
3026,6,10,9,13,13,14,8,17,8,12,0,110
3027,9,12,13,17,28,25,12,22,31,40,0,209
3028,22,17,19,26,25,29,24,29,28,35,2,256
3029,135,128,207,234,312,418,158,310,471,520,12,"2,905"
3030,105,118,178,163,244,297,160,204,385,360,4,"2,218"
3031,5,6,5,6,8,6,1,13,6,8,0,64
3032,8,15,14,19,14,24,18,23,29,16,3,183
3033,7,5,10,13,7,15,10,11,17,12,1,108
3034,5,6,9,8,11,15,6,16,11,8,1,96
3036,5,3,1,8,4,8,0,6,11,8,0,54
3037,28,39,44,48,60,60,30,41,81,92,1,524
3038,11,33,22,28,25,33,17,29,43,37,5,283
3039,5,10,5,4,8,15,3,4,13,9,1,77
3040,14,11,14,20,12,24,14,15,21,19,0,164
3041,7,7,9,3,9,14,7,10,13,23,0,102
3042,6,6,6,14,16,11,5,8,9,11,0,92
3043,14,8,8,15,10,12,12,11,12,12,1,115
3044,24,10,13,24,18,27,16,20,16,19,0,187
3046,6,12,15,22,23,16,13,17,17,25,0,166
3047,3,4,6,7,12,16,9,9,8,11,0,85
3048,5,5,10,17,15,23,10,9,15,17,2,128
3049,8,6,5,10,5,12,7,7,9,9,2,80
3051,3,0,2,3,2,1,2,3,6,3,0,25
3052,2,3,2,1,4,1,1,2,1,3,0,20
3053,3,1,2,2,0,2,1,1,2,0,1,15
3054,3,4,3,3,4,0,5,4,3,1,1,31
3055,10,8,3,8,11,8,10,9,9,10,0,86
3056,9,11,8,15,8,14,4,13,19,8,5,114
3057,2,6,3,2,5,13,4,5,7,8,1,56
3058,22,17,30,26,22,43,17,22,36,26,3,264
3059,16,14,26,42,28,59,27,37,39,67,1,356
3060,3,6,6,7,10,12,7,4,12,12,0,79
3061,2,5,0,3,2,9,0,2,6,5,0,34
3062,0,1,0,0,1,0,0,0,0,1,0,3
3063,0,1,0,1,0,1,0,2,0,1,0,6
3064,71,79,114,169,168,255,106,206,247,324,4,"1,743"
3065,2,1,0,5,1,3,1,2,3,1,0,19
3066,2,0,2,2,1,0,2,0,1,1,0,11
3067,3,4,0,1,3,2,2,0,3,2,0,20
3068,19,8,8,15,6,15,8,13,15,15,1,123
3070,15,6,12,21,18,19,16,24,22,23,0,176
3071,11,7,8,11,14,9,6,11,14,15,3,109
3072,25,18,14,30,17,26,10,21,21,29,1,212
3073,20,22,26,27,34,30,21,29,39,39,3,290
3074,11,10,15,8,16,16,8,13,13,15,2,127
3075,11,4,10,21,15,19,15,14,24,22,3,158
3076,12,12,24,36,34,52,28,31,48,45,3,325
3078,6,10,8,10,11,19,8,16,20,13,2,123
3079,9,13,15,13,15,25,9,12,19,23,0,153
3081,2,6,3,14,7,12,2,12,14,2,0,74
3082,22,13,19,30,36,49,17,30,34,42,0,292
3083,20,16,20,30,35,43,25,35,32,38,0,294
3084,19,26,25,32,12,32,18,42,47,38,4,295
3085,16,7,12,20,9,19,6,12,21,25,0,147
3087,9,4,2,8,9,8,7,10,11,18,1,87
3088,34,19,23,26,27,44,25,32,51,39,1,321
3089,16,10,13,15,16,17,5,20,27,27,0,166
3090,3,3,3,6,2,3,1,5,6,10,0,42
3091,0,2,4,2,3,5,0,1,3,1,0,21
3093,6,5,4,5,3,8,5,5,8,10,1,60
3094,10,10,6,12,10,12,6,13,19,8,2,108
3095,32,30,28,38,36,34,22,47,69,67,3,406
3096,2,3,2,3,6,1,0,4,2,6,0,29
3097,2,2,3,5,2,8,3,1,3,2,0,31
3099,5,6,2,9,3,6,3,5,9,6,0,54
3101,21,13,20,22,15,26,13,19,35,30,0,214
3102,4,5,8,4,9,8,6,6,3,14,0,67
3103,9,13,18,12,20,21,13,15,34,38,0,193
3104,20,21,22,30,38,41,17,27,47,63,1,327
3105,9,7,13,10,8,21,7,13,10,18,2,118
3106,26,19,19,31,27,43,24,31,52,49,3,324
3107,9,12,5,15,24,24,9,18,22,31,0,169
3108,12,16,19,36,29,46,16,27,50,58,3,312
3109,27,27,40,43,36,60,18,43,47,85,1,427
3111,15,17,17,24,25,29,9,22,36,32,1,227
3113,13,9,14,14,10,29,9,21,15,21,2,157
3114,8,6,6,9,7,9,4,7,7,16,0,79
3115,6,5,7,5,5,7,4,9,10,9,0,67
3116,11,7,11,9,21,21,10,16,16,21,0,143
3121,6,8,7,12,10,10,2,12,10,7,2,86
3122,5,10,7,11,14,8,5,8,11,18,0,97
3123,8,7,6,12,7,17,3,7,7,17,1,92
3124,32,23,13,18,21,22,23,20,25,39,5,241
3125,12,13,8,11,21,37,15,11,22,26,2,178
3126,7,4,10,6,16,9,9,13,8,21,0,103
3127,18,18,23,25,18,21,13,20,31,41,2,230
3128,15,8,17,16,14,30,16,18,27,26,1,188
3129,16,8,15,16,22,27,19,23,31,41,3,221
3130,36,29,42,47,38,49,38,57,63,72,7,478
3131,36,17,24,29,21,39,17,30,40,43,3,299
3132,14,7,14,21,26,21,14,29,18,34,2,200
3133,30,36,33,32,40,52,30,54,49,84,3,443
3134,38,38,44,42,39,57,27,41,54,46,5,431
3135,23,17,22,29,35,32,24,38,44,38,3,305
3136,52,31,33,32,50,63,41,64,71,85,2,524
3137,19,21,9,10,9,19,13,14,24,23,2,163
3138,21,18,21,21,22,37,21,18,35,23,5,242
3139,13,12,12,18,14,17,14,17,17,21,0,155
3140,18,18,19,22,16,34,19,20,22,39,1,228
3141,2,1,2,3,2,9,2,8,3,4,0,36
3142,2,6,1,11,6,5,4,6,6,4,2,53
3143,3,1,4,1,2,0,1,2,2,4,0,20
3144,10,5,5,6,6,9,4,1,7,8,0,61
3145,30,13,18,19,24,18,13,19,28,27,1,210
3146,33,17,20,28,32,31,15,25,36,49,3,289
3147,24,10,19,25,24,19,7,17,26,29,1,201
3148,6,2,9,9,13,11,7,7,18,14,2,98
3149,53,38,41,59,58,104,48,68,72,97,3,641
3150,85,70,94,126,102,178,76,137,212,212,5,"1,297"
3151,6,16,11,10,13,25,10,15,28,29,1,164
3152,48,52,48,66,69,89,35,62,123,132,5,729
3153,20,26,28,22,25,35,18,16,45,37,0,272
3154,5,5,8,7,6,4,0,6,15,14,0,70
3155,25,18,20,41,22,24,22,33,34,37,3,279
3156,50,39,49,59,60,50,40,57,68,72,2,546
3158,6,9,11,10,8,8,9,14,17,8,2,102
3159,3,4,0,2,1,3,2,5,5,4,0,29
3160,12,7,7,13,14,14,9,14,18,15,1,124
3161,10,6,7,6,7,11,8,16,11,18,1,101
3162,10,13,13,12,17,21,7,16,30,18,2,159
3163,20,16,9,18,22,32,14,27,32,25,4,219
3165,21,8,28,28,46,47,23,28,45,43,3,320
3166,17,15,23,22,14,38,17,19,35,53,4,257
3167,7,8,15,16,11,20,9,21,24,19,3,153
3168,5,8,10,12,12,15,9,15,9,20,0,115
3169,12,14,21,21,18,26,19,21,31,28,2,213
3170,18,25,16,29,46,49,22,26,44,43,2,320
3171,17,14,11,26,28,25,14,17,31,28,0,211
3172,19,14,25,26,36,28,27,31,30,33,1,270
3173,31,30,39,45,53,82,36,54,94,94,2,560
3174,22,21,31,31,29,35,26,33,31,47,2,308
3175,23,23,29,37,40,80,39,47,60,51,1,430
3177,6,7,6,10,8,16,8,6,7,5,0,79
3178,39,48,48,70,66,89,39,52,91,80,2,624
3179,11,10,14,14,15,15,11,11,16,14,0,131
3180,11,10,15,15,9,15,10,11,23,18,1,138
3181,2,2,6,6,2,5,1,2,3,6,1,36
3182,2,5,2,5,5,8,3,2,3,7,0,42
3183,3,3,8,8,5,6,3,5,10,2,0,53
3184,10,4,6,9,4,13,4,6,5,6,2,69
3185,8,10,8,9,10,13,6,13,15,10,1,103
3186,20,11,17,19,19,29,16,17,25,39,2,214
3187,16,11,11,11,23,15,11,21,22,20,4,165
3188,13,19,23,13,21,17,14,18,18,29,1,186
3189,6,3,2,6,5,10,3,10,8,6,0,59
3190,8,9,5,8,12,9,8,8,12,14,0,93
3191,12,6,16,9,10,11,6,5,13,14,0,102
3192,18,17,12,27,22,24,18,18,33,32,0,221
3193,34,19,23,39,19,32,30,36,31,23,2,288
3194,8,7,12,13,12,11,10,11,9,27,1,121
3195,39,36,35,36,51,59,26,32,61,50,4,429
3196,16,17,17,27,15,23,10,20,32,35,2,214
3197,4,8,18,14,15,18,5,12,14,11,0,119
3198,22,8,13,15,18,18,7,8,13,17,1,140
3199,35,31,35,44,48,61,41,39,71,73,4,482
3200,0,2,3,5,4,3,2,0,2,5,0,26
3201,19,15,18,17,22,24,15,16,26,30,1,203
3202,2,1,5,1,1,5,0,1,4,5,1,26
3204,25,23,22,32,32,43,22,24,44,52,5,324
3205,4,0,1,3,0,2,2,1,0,1,0,14
3206,1,7,3,3,2,6,2,2,6,5,0,37
3207,7,3,3,4,4,8,4,5,15,7,0,60
3211,1,1,2,2,1,1,1,1,1,4,1,16
3212,20,25,26,29,18,32,14,24,18,26,1,233
3213,9,2,11,13,6,9,6,6,3,9,0,74
3214,9,18,13,11,14,17,13,13,8,14,0,130
3215,11,11,13,15,20,21,8,12,17,12,3,143
3216,50,33,46,72,68,51,32,67,65,42,7,533
3217,21,22,25,29,32,36,20,32,29,38,4,288
3218,22,12,10,19,9,17,9,11,8,20,1,138
3219,19,7,15,19,19,11,14,9,7,21,1,142
3220,15,14,8,13,15,21,12,13,18,26,0,155
3221,1,1,2,0,1,2,3,0,2,0,0,12
3222,42,21,28,31,26,34,21,19,32,30,3,287
3223,21,10,19,23,18,26,13,19,20,19,4,192
3224,11,12,18,16,20,21,14,15,12,16,0,155
3225,12,7,15,12,14,17,10,11,21,13,2,134
3226,26,11,23,18,26,28,18,27,35,25,2,239
3227,3,10,8,14,13,16,4,7,11,8,0,94
3228,40,17,40,32,39,45,15,41,35,38,0,342
3230,8,5,9,11,5,9,5,10,6,6,0,74
3231,3,6,5,5,3,7,5,2,5,10,0,51
3232,1,1,0,5,3,2,1,2,3,1,0,19
3233,5,1,4,2,7,4,3,5,8,4,0,43
3234,0,1,1,1,2,0,1,1,0,0,0,7
3235,3,1,0,3,1,3,1,1,1,1,1,16
3236,0,0,1,0,1,1,0,0,0,1,0,4
3237,1,0,0,0,0,3,0,0,0,1,0,5
3238,0,0,1,1,0,0,0,0,1,0,0,3
3239,0,0,0,0,0,0,0,0,0,1,0,1
3240,7,1,3,5,5,3,2,4,5,4,0,39
3241,3,2,4,6,4,1,7,5,3,7,0,42
3242,0,3,0,2,2,6,0,2,2,3,0,20
3243,0,0,0,0,0,0,0,0,3,1,1,5
3249,4,1,1,8,0,5,3,7,6,1,0,36
3250,6,5,11,3,17,9,1,9,7,10,0,78
3251,1,0,0,0,1,0,0,0,0,0,0,2
3254,0,0,0,0,1,0,0,0,0,0,0,1
3260,0,5,3,1,1,2,6,3,2,3,0,26
3264,0,0,4,5,4,4,2,0,0,0,0,19
3265,2,1,2,1,0,7,0,3,0,0,0,16
3266,3,1,2,2,2,6,6,2,0,2,0,26
3267,0,0,0,0,0,0,1,1,0,0,0,2
3268,1,0,1,4,0,8,0,1,1,3,0,19
3269,1,0,1,0,0,1,1,1,1,0,0,6
3270,0,0,0,0,0,2,1,0,0,2,0,5
3271,0,0,1,0,1,0,0,0,0,0,0,2
3272,1,1,1,3,2,0,0,0,0,1,0,9
3273,0,0,0,1,0,0,0,0,0,0,0,1
3274,1,2,0,0,1,3,1,0,0,0,0,8
3275,1,0,0,0,1,0,0,0,0,0,0,2
3277,3,2,3,1,1,4,0,1,1,2,0,18
3278,1,0,0,0,0,3,0,0,0,0,0,4
3279,2,0,0,1,0,0,0,0,2,0,0,5
3280,17,20,14,23,37,40,11,27,18,31,0,238
3281,0,4,0,4,2,4,1,0,4,4,0,23
3282,3,3,1,6,7,5,1,4,6,4,1,41
3283,3,2,1,0,2,4,3,3,3,1,0,22
3284,3,3,1,1,8,5,3,2,3,2,0,31
3285,1,0,0,1,5,2,2,3,0,0,0,14
3286,1,0,0,0,0,1,0,0,0,0,0,2
3287,1,0,0,0,0,1,0,1,0,0,0,3
3289,0,0,0,1,0,1,1,0,0,0,0,3
3294,1,2,1,3,1,1,1,0,0,2,0,12
3300,7,6,1,6,6,4,1,3,3,6,1,44
3301,2,1,1,0,2,0,0,1,0,1,0,8
3304,0,2,2,1,0,0,1,2,2,2,0,12
3305,11,8,2,6,9,5,10,6,7,5,0,69
3310,0,0,0,1,0,0,0,0,0,0,0,1
3311,1,0,1,1,1,0,0,3,2,0,0,9
3312,1,0,0,0,2,0,0,0,0,0,0,3
3314,1,0,0,1,0,0,0,0,0,3,0,5
3315,1,1,0,1,1,3,0,0,0,0,0,7
3318,2,1,0,1,0,1,0,3,0,0,0,8
3321,1,4,4,3,2,1,6,4,3,1,1,30
3322,0,0,0,0,0,0,1,0,0,4,0,5
3323,0,0,0,0,1,0,0,0,0,0,0,1
3324,0,0,0,0,1,0,0,0,1,0,0,2
3325,2,0,0,1,1,0,0,0,0,0,0,4
3328,1,3,3,5,8,2,3,6,6,6,1,44
3329,1,0,0,0,0,1,0,1,0,0,0,3
3330,0,0,0,0,0,1,0,0,0,0,0,1
3331,7,9,9,15,4,13,3,16,18,18,0,112
3332,2,1,1,2,0,2,2,0,2,1,0,13
3333,2,0,2,0,0,2,0,1,1,2,0,10
3334,1,0,1,0,0,1,2,1,1,1,0,8
3335,15,15,19,32,29,46,22,48,50,59,0,335
3336,30,34,42,50,61,98,36,68,83,111,1,614
3337,28,24,33,47,42,39,22,39,52,49,1,376
3338,38,34,43,60,57,66,40,57,86,100,3,584
3340,28,19,28,33,28,34,20,53,56,41,1,341
3341,2,3,2,3,2,2,1,3,0,4,0,22
3342,2,4,9,4,5,7,3,11,10,8,1,64
3345,5,2,3,3,3,1,1,0,2,6,0,26
3350,68,62,71,66,69,77,39,70,68,82,1,673
3351,14,10,14,12,12,19,11,9,18,16,1,136
3352,30,25,27,19,35,38,15,29,32,33,0,283
3355,9,13,12,8,7,9,7,10,9,11,0,95
3356,9,15,12,12,13,10,5,11,13,14,0,114
3357,6,6,10,3,10,5,4,1,10,3,0,58
3358,7,6,4,4,7,11,4,6,6,8,0,63
3360,2,2,1,2,2,2,0,1,0,1,0,13
3361,0,0,0,0,0,1,1,1,1,0,0,4
3363,5,6,9,7,4,2,1,7,5,3,0,49
3364,6,4,5,4,1,6,2,0,3,8,0,39
3370,0,0,0,0,3,3,1,3,2,2,1,15
3371,3,2,2,1,4,2,1,1,2,1,0,19
3373,5,3,2,5,5,3,0,4,9,3,0,39
3374,0,0,0,1,1,1,1,0,2,0,0,6
3375,1,2,1,0,1,0,0,1,0,0,0,6
3377,5,6,9,10,12,8,4,10,10,7,0,81
3379,0,0,1,0,0,3,0,2,2,0,0,8
3380,5,4,4,4,2,5,1,5,4,1,0,35
3381,0,1,0,3,2,2,2,4,0,1,0,15
3384,1,1,1,1,0,1,1,1,0,0,0,7
3385,0,1,1,0,0,2,0,0,1,0,0,5
3388,0,0,1,2,0,1,0,0,0,0,0,4
3390,0,0,1,1,1,0,0,0,2,0,0,5
3392,1,0,1,0,0,0,0,1,0,1,0,4
3393,5,4,1,1,2,2,2,1,2,2,0,22
3395,0,0,1,0,0,1,0,0,0,0,0,2
3396,0,0,0,0,1,1,2,1,0,1,0,6
3400,5,8,4,9,6,6,0,2,9,15,0,64
3401,2,4,4,4,2,3,0,4,3,9,0,35
3407,1,0,0,0,0,0,0,0,0,0,0,1
3409,0,1,2,0,0,2,0,1,2,0,0,8
3412,1,0,0,0,0,0,0,0,0,1,0,2
3414,4,2,2,0,0,4,1,1,3,3,0,20
3418,0,2,3,0,3,1,0,2,1,0,0,12
3419,0,0,0,0,0,0,0,0,0,1,0,1
3420,1,0,0,2,0,0,0,0,0,1,0,4
3423,1,0,1,1,0,0,0,0,0,0,0,3
3424,0,2,0,4,1,1,0,0,0,0,0,8
3427,5,11,11,8,10,16,7,8,12,17,0,105
3428,2,1,0,1,2,0,2,2,2,2,0,14
3429,52,47,42,67,75,75,47,58,67,103,4,637
3430,0,0,0,1,0,3,0,0,0,0,0,4
3431,5,3,12,5,7,9,3,9,12,9,0,74
3432,0,0,0,0,0,0,0,1,0,0,0,1
3433,0,1,0,0,0,0,1,1,1,1,0,5
3434,8,4,8,10,4,5,4,8,10,13,0,74
3435,3,9,5,10,2,6,1,8,6,4,0,54
3437,24,16,20,12,8,20,17,23,25,32,3,200
3438,5,5,5,4,7,7,1,7,4,6,1,52
3440,3,2,1,3,3,3,3,5,5,2,0,30
3441,3,2,1,3,2,5,1,2,3,3,1,26
3442,20,16,9,20,20,24,11,9,29,22,1,181
3444,20,12,8,14,14,18,5,13,12,17,3,136
3446,6,1,1,3,3,2,0,2,1,2,1,22
3447,0,0,1,0,2,2,3,3,0,3,0,14
3448,1,3,2,0,1,0,1,2,2,5,0,17
3450,8,9,11,11,10,18,13,11,14,15,4,124
3451,19,7,18,12,14,11,11,11,16,11,1,131
3453,3,1,2,6,1,4,1,2,7,6,0,33
3458,7,4,4,11,2,9,1,6,7,6,1,58
3460,9,5,0,5,10,7,4,5,5,6,0,56
3461,9,10,9,12,15,15,1,10,7,7,2,97
3462,3,3,4,3,2,1,1,3,1,1,0,22
3463,3,5,3,5,2,3,1,7,2,6,1,38
3464,0,1,3,0,2,3,0,4,2,0,0,15
3465,6,12,9,13,11,16,4,15,16,11,1,114
3467,1,1,0,2,4,1,1,3,2,3,0,18
3468,0,0,0,0,2,0,2,0,0,0,0,4
3469,0,0,1,0,0,1,0,0,0,0,0,2
3472,2,3,1,5,2,2,1,1,0,2,1,20
3475,0,0,0,2,1,0,0,0,0,0,0,3
3477,0,1,1,2,0,0,0,2,0,4,0,10
3478,2,3,1,4,10,5,1,1,9,4,0,40
3480,1,2,2,1,4,2,0,3,2,4,0,21
3482,1,0,0,0,1,0,0,0,0,0,0,2
3483,0,2,1,3,2,0,0,1,2,0,0,11
3485,1,0,0,0,0,0,0,0,0,0,0,1
3490,0,0,1,1,4,2,0,0,1,0,0,9
3494,2,0,0,0,0,1,0,2,1,0,0,6
3496,5,4,0,0,7,5,2,6,4,4,0,37
3498,8,6,5,5,6,15,0,1,3,10,0,59
3500,10,13,9,11,29,33,10,14,18,41,1,189
3501,2,1,0,3,1,4,3,4,0,6,0,24
3505,2,1,1,3,4,4,4,3,9,7,0,38
3512,0,0,0,0,0,1,0,0,2,0,0,3
3515,5,2,5,6,6,7,4,6,4,8,0,53
3516,1,1,0,0,2,0,1,0,1,1,0,7
3517,3,2,1,3,2,7,5,3,2,4,0,32
3518,1,1,0,5,2,0,1,0,0,2,0,12
3521,1,0,2,0,0,1,1,0,6,1,0,12
3522,2,0,0,2,1,0,0,1,0,0,1,7
3523,8,5,13,5,6,7,2,9,6,4,0,65
3525,0,0,1,0,0,1,1,2,0,3,0,8
3527,1,1,1,1,0,0,0,2,1,2,0,9
3529,0,0,0,0,1,0,0,1,1,0,0,3
3530,0,0,0,0,0,1,1,0,0,0,0,2
3531,0,0,0,1,0,0,0,0,0,1,0,2
3533,0,3,3,0,0,0,0,0,0,0,0,6
3537,2,0,1,5,2,3,0,1,1,2,0,17
3540,0,0,0,1,0,0,0,0,0,1,0,2
3542,0,1,0,0,0,0,0,0,0,1,0,2
3544,0,0,0,0,0,0,0,0,0,3,0,3
3546,0,0,0,0,2,0,0,0,0,0,0,2
3549,0,0,0,3,2,2,1,1,1,1,0,11
3550,32,31,38,50,41,34,26,39,55,49,4,399
3551,60,50,48,53,61,71,41,46,81,93,3,607
3555,19,18,16,21,23,10,8,20,21,16,0,172
3556,14,16,11,17,16,9,10,11,16,11,0,131
3557,2,0,1,2,0,2,0,0,0,0,0,7
3558,4,1,1,2,0,2,2,0,3,1,0,16
3559,0,0,2,0,0,2,0,0,0,0,0,4
3561,3,2,5,6,6,6,5,3,7,0,0,43
3562,1,0,0,0,0,4,0,0,1,2,0,8
3563,0,0,2,0,1,1,2,2,0,2,0,10
3564,22,13,11,18,17,38,13,18,27,36,4,217
3565,0,0,0,1,0,0,0,0,0,2,0,3
3566,0,0,0,1,1,1,0,0,0,0,0,3
3567,0,1,2,0,1,2,0,0,0,0,0,6
3568,0,5,2,6,2,9,0,3,3,2,1,33
3570,1,0,1,1,1,1,0,3,0,1,0,9
3571,0,0,0,0,0,0,0,0,0,2,0,2
3572,0,0,0,0,1,0,0,1,0,1,0,3
3573,3,0,0,1,0,1,1,1,1,0,0,8
3575,0,1,0,1,0,0,1,0,0,0,0,3
3579,2,0,0,4,6,4,1,4,6,7,0,34
3580,1,0,2,0,0,1,0,1,2,3,0,10
3581,0,0,0,0,0,1,0,0,0,1,0,2
3583,0,1,0,0,0,1,1,0,1,2,0,6
3584,1,2,0,3,1,0,0,1,3,9,0,20
3585,2,9,2,11,4,21,6,8,11,17,0,91
3586,0,0,0,1,2,2,1,1,0,2,0,9
3588,0,0,0,0,1,0,2,0,0,3,0,6
3589,0,0,1,0,0,1,0,0,1,2,0,5
3590,0,0,0,0,0,1,0,0,0,0,0,1
3591,0,0,0,0,0,0,0,0,1,0,0,1
3594,1,2,0,0,1,0,0,0,0,0,0,4
3595,0,0,0,0,0,1,0,0,0,1,0,2
3599,0,0,0,0,0,0,0,0,0,2,0,2
3608,5,4,3,3,5,3,0,7,1,3,0,34
3610,1,2,2,3,1,0,1,3,4,3,0,20
3612,1,0,1,2,0,5,4,1,2,2,0,18
3614,1,1,0,1,2,1,0,1,1,1,0,9
3616,11,4,7,7,8,14,5,10,5,5,0,76
3617,1,0,0,0,0,0,0,0,0,0,0,1
3618,2,0,1,0,1,2,0,1,0,1,0,8
3620,8,7,4,13,7,13,7,9,9,3,0,80
3621,5,2,3,1,6,1,2,3,3,0,0,26
3622,1,1,0,0,1,0,0,0,0,0,0,3
3623,2,1,0,2,0,1,0,4,0,1,0,11
3624,1,1,0,0,0,1,1,0,2,0,0,6
3629,9,5,3,11,6,9,1,8,10,8,0,70
3630,18,25,22,26,24,37,7,27,33,30,0,249
3631,20,16,14,26,21,30,13,23,37,36,0,236
3633,0,1,1,1,2,2,1,0,0,1,0,9
3634,1,3,3,3,1,2,1,3,3,5,0,25
3635,0,0,0,1,1,0,0,0,0,1,0,3
3636,10,10,4,4,4,2,3,6,6,4,0,53
3637,0,2,0,1,0,0,1,1,0,2,0,7
3638,8,3,3,4,3,4,3,4,4,3,0,39
3639,1,0,0,0,0,0,0,1,1,0,0,3
3640,3,0,0,3,0,1,0,3,2,1,0,13
3641,2,0,0,1,2,3,3,0,4,0,0,15
3644,11,10,9,21,12,9,2,11,10,12,0,107
3646,2,1,0,1,1,1,2,1,1,0,0,10
3649,0,0,0,0,0,0,0,2,0,2,0,4
3658,8,5,7,3,11,11,4,11,7,11,1,79
3659,0,2,1,1,1,3,0,0,4,2,0,14
3660,6,6,8,6,14,11,6,14,11,4,0,86
3663,1,0,0,0,0,2,0,0,1,0,0,4
3664,1,6,3,3,6,6,1,2,5,2,0,35
3665,1,0,0,2,0,0,0,3,2,3,0,11
3666,7,11,8,10,11,12,4,8,9,13,1,94
3669,1,5,2,0,2,3,1,4,5,0,1,24
3670,4,6,1,1,1,3,2,1,1,1,0,21
3672,23,24,20,18,20,16,21,25,25,15,1,208
3673,3,5,2,3,8,13,5,2,10,7,0,58
3675,8,5,6,6,3,7,0,4,7,6,1,53
3677,29,22,30,22,25,39,19,33,44,33,1,297
3678,23,11,12,24,20,27,8,13,28,24,2,192
3682,3,0,1,0,2,1,1,3,0,0,0,11
3683,4,5,1,1,9,3,2,6,4,2,1,38
3685,8,5,5,6,6,7,2,3,9,10,0,61
3687,3,0,2,0,2,5,0,2,3,4,0,21
3688,4,2,5,5,3,2,1,3,5,4,0,34
3690,59,41,59,61,44,57,30,43,36,45,1,476
3691,32,11,26,27,28,50,19,23,39,38,2,295
3695,1,0,2,0,2,1,1,3,0,4,0,14
3697,0,4,1,0,0,8,2,2,2,3,0,22
3698,4,5,3,1,2,4,1,4,4,6,0,34
3699,2,2,0,0,2,0,0,1,3,1,0,11
3700,4,1,4,6,2,3,1,3,1,3,0,28
3701,1,0,4,5,5,4,4,6,2,4,0,35
3705,0,0,0,0,0,0,1,1,0,0,0,2
3707,4,1,1,1,4,3,1,1,2,3,0,21
3708,0,0,0,0,1,0,0,0,0,1,0,2
3709,1,2,0,1,0,2,0,0,0,0,0,6
3711,1,1,1,2,3,1,0,0,2,1,0,12
3712,0,0,1,1,0,1,0,0,1,1,0,5
3713,1,1,1,2,1,1,0,1,0,2,0,10
3714,9,4,6,5,8,10,2,7,10,19,0,80
3715,2,0,0,3,0,0,0,6,0,0,0,11
3717,7,5,4,17,7,2,3,9,6,14,0,74
3718,1,0,1,0,1,0,0,0,1,0,0,4
3719,2,1,1,1,2,1,0,1,4,3,0,16
3720,4,0,3,2,4,3,1,1,3,1,0,22
3722,11,5,6,14,9,22,6,21,10,15,0,119
3723,7,9,1,8,7,10,3,2,4,4,0,55
3725,1,1,2,1,0,2,0,3,4,3,0,17
3726,1,0,1,1,0,2,0,0,2,0,0,7
3727,0,0,0,0,2,1,0,0,1,1,0,5
3728,0,0,0,0,0,1,1,1,1,2,0,6
3730,22,5,9,8,19,18,12,20,32,16,1,162
3732,3,1,0,0,1,1,1,1,4,3,0,15
3733,0,0,0,0,0,2,1,0,2,1,0,6
3735,0,1,2,2,0,2,0,1,1,1,0,10
3737,3,3,8,19,7,11,3,4,7,10,0,75
3738,0,0,0,0,0,1,0,0,0,0,0,1
3739,0,0,0,0,0,1,0,0,0,0,0,1
3740,6,3,3,5,1,3,1,2,3,3,0,30
3741,2,6,7,9,8,6,2,11,12,12,0,75
3744,3,0,4,1,0,1,2,1,1,1,0,14
3746,1,0,0,1,0,1,0,1,1,2,0,7
3747,13,13,9,17,12,17,9,24,24,16,0,154
3749,4,4,5,8,6,8,2,6,8,8,0,59
3750,28,24,37,57,72,78,43,64,80,128,2,613
3751,0,1,0,0,2,0,1,0,1,1,0,6
3752,16,14,19,29,33,61,26,36,39,37,2,312
3753,16,6,5,13,30,21,14,12,15,24,2,158
3754,36,43,66,74,70,105,39,88,99,127,4,751
3755,0,0,0,0,0,2,1,0,1,0,0,4
3756,13,15,18,14,24,28,13,33,38,29,4,229
3757,9,11,11,16,15,12,9,18,12,12,2,127
3758,3,2,1,5,3,3,1,4,2,9,1,34
3759,1,2,0,2,2,2,2,1,2,7,0,21
3761,5,0,0,1,0,5,0,3,6,6,0,26
3762,0,0,1,2,0,1,0,0,0,0,0,4
3763,4,2,8,3,2,3,5,4,6,1,0,38
3764,14,2,10,10,15,17,6,12,20,17,0,123
3765,8,2,3,4,6,6,3,11,7,9,1,60
3766,2,2,1,0,1,6,3,3,2,3,0,23
3767,0,1,1,0,2,2,2,2,1,2,0,13
3770,4,5,1,2,5,7,4,6,4,0,0,38
3775,6,4,3,2,6,10,3,6,5,8,0,53
3777,20,10,8,9,8,18,8,18,15,14,0,128
3778,0,1,0,0,0,0,0,0,1,0,0,2
3779,0,2,0,1,0,0,0,1,0,2,0,6
3781,5,0,4,7,4,2,1,6,3,6,0,38
3782,15,6,12,7,13,13,9,5,11,17,0,108
3783,2,3,3,4,3,7,0,3,4,5,0,34
3785,0,0,0,0,0,0,0,0,0,1,0,1
3786,6,2,3,2,4,4,2,1,6,4,1,35
3787,0,1,2,2,0,0,0,0,2,2,0,9
3788,3,0,0,3,2,3,1,0,4,2,0,18
3789,0,0,1,0,0,0,0,1,0,1,0,3
3791,2,1,1,1,1,5,1,1,3,4,0,20
3792,1,2,0,2,0,2,0,0,0,0,0,7
3793,5,3,3,6,6,6,2,5,8,7,2,53
3795,2,0,2,0,3,3,0,0,1,4,0,15
3796,2,10,5,11,8,11,12,14,13,16,1,103
3797,5,2,1,4,2,2,3,3,0,3,0,25
3799,7,5,3,7,2,4,7,4,6,7,0,52
3802,27,17,25,26,31,46,28,48,48,46,4,346
3803,5,12,13,15,8,18,11,15,25,18,0,140
3804,13,13,13,26,18,29,13,21,19,33,1,199
3805,57,68,69,87,109,105,46,95,133,138,5,912
3806,62,76,104,99,112,155,58,90,136,191,12,"1,095"
3807,10,10,16,6,14,19,5,13,17,15,0,125
3808,4,3,4,2,6,12,2,3,5,10,0,51
3809,23,25,35,45,41,71,39,50,47,111,4,491
3810,44,49,49,84,80,87,51,61,83,122,15,725
3812,5,1,0,5,3,5,3,2,5,11,0,40
3813,2,1,4,0,0,1,0,4,1,2,1,16
3814,5,1,3,1,2,2,3,4,0,5,0,26
3815,4,4,5,3,4,6,2,5,6,9,1,49
3816,5,3,2,3,3,2,1,5,5,4,2,35
3818,29,22,20,35,29,28,18,34,24,31,3,273
3820,26,19,16,34,37,34,15,27,39,30,6,283
3821,7,4,5,8,5,7,0,5,5,9,0,55
3822,3,1,0,1,1,1,2,1,1,3,0,14
3823,5,11,1,4,1,2,1,3,7,7,0,42
3824,8,9,13,7,7,16,4,11,5,13,1,94
3825,16,21,23,28,22,31,21,26,21,30,0,239
3831,1,2,4,4,3,3,3,2,6,5,1,34
3832,0,0,1,1,0,1,0,0,0,0,0,3
3833,0,0,1,2,0,0,0,1,1,1,0,6
3835,1,0,0,0,2,3,0,0,2,0,0,8
3840,16,15,17,24,13,10,4,17,17,24,3,160
3842,7,9,6,9,7,3,3,4,1,6,0,55
3844,31,36,37,49,39,42,16,29,37,45,3,364
3847,5,6,4,4,4,3,1,3,4,7,0,41
3850,15,12,13,23,21,23,7,10,16,17,2,159
3851,15,10,9,11,8,14,9,18,11,17,0,122
3852,0,0,0,0,0,0,0,0,1,0,0,1
3854,2,3,4,2,2,3,0,4,3,0,0,23
3856,1,1,0,1,5,1,0,0,2,1,0,12
3857,0,0,2,0,2,0,1,0,0,0,0,5
3858,3,2,6,4,3,10,2,1,4,0,0,35
3859,1,0,1,0,0,1,0,0,1,2,0,6
3860,8,2,6,10,5,19,3,14,9,12,1,89
3862,6,1,2,6,8,9,2,8,6,6,0,54
3864,0,1,0,2,1,1,0,0,0,1,0,6
3865,0,0,1,1,0,1,0,2,0,0,0,5
3869,3,4,6,1,7,3,1,7,4,0,0,36
3870,3,3,0,1,0,2,0,2,2,3,0,16
3871,5,7,6,10,8,6,5,3,5,7,0,62
3873,0,0,1,0,1,0,0,0,1,0,0,3
3874,1,0,4,0,0,3,1,1,2,1,0,13
3875,29,26,18,34,29,36,13,24,20,40,3,272
3878,2,1,3,3,6,5,2,2,4,0,0,28
3880,7,7,4,14,10,15,9,11,7,16,1,101
3882,1,4,2,4,3,4,1,2,3,2,1,27
3885,2,3,4,2,2,2,1,5,3,2,0,26
3886,0,1,0,0,0,1,0,0,2,1,0,5
3887,0,1,0,0,0,1,0,0,0,0,0,2
3888,5,1,2,3,6,3,1,5,1,5,1,33
3889,0,0,0,1,1,0,0,0,0,0,0,2
3890,0,0,2,0,0,0,0,1,0,0,0,3
3891,0,0,0,0,1,0,0,0,0,0,0,1
3892,0,2,4,3,3,2,0,2,0,2,0,18
3895,0,0,0,0,1,0,1,0,0,0,0,2
3896,1,0,1,0,0,0,0,0,1,0,0,3
3898,0,1,0,0,0,0,0,1,0,0,0,2
3900,0,1,0,0,0,0,2,0,0,0,0,3
3902,1,0,0,0,1,4,0,0,1,1,0,8
3903,1,3,1,3,1,3,0,1,1,4,0,18
3904,3,3,2,7,6,3,2,4,4,2,0,36
3909,14,7,9,11,9,15,8,7,16,5,1,102
3910,21,20,25,31,18,22,22,28,30,23,1,241
3911,1,3,3,6,7,7,5,8,0,8,1,49
3912,18,15,14,25,20,23,19,16,16,22,0,188
3913,5,5,6,6,3,9,0,9,5,6,2,56
3915,11,9,12,11,7,12,11,13,11,6,1,104
3916,7,2,6,3,3,7,2,7,4,4,0,45
3918,9,5,10,9,6,4,7,7,3,8,2,70
3919,1,2,3,3,9,2,2,1,3,5,0,31
3921,2,0,2,0,0,0,0,0,2,0,0,6
3922,16,13,17,21,25,30,17,13,17,16,2,187
3923,1,2,2,2,3,1,0,2,0,2,1,16
3925,8,3,3,9,14,18,11,11,7,14,0,98
3926,8,4,4,8,10,9,9,5,10,9,1,77
3927,6,5,5,5,2,5,4,4,5,11,0,52
3928,2,2,2,2,2,0,1,1,2,2,0,16
3929,6,2,5,5,5,3,5,3,4,6,0,44
3930,40,17,14,31,26,30,17,27,40,45,1,288
3931,20,28,15,30,21,39,23,26,21,32,6,261
3933,2,3,2,2,0,2,2,1,4,1,0,19
3934,31,21,20,28,28,29,19,29,40,33,2,280
3936,12,9,16,20,18,28,12,11,15,17,1,159
3937,10,1,4,5,4,2,0,5,6,5,0,42
3938,3,9,3,10,8,8,4,6,6,3,0,60
3939,12,15,20,24,21,21,15,22,19,23,5,197
3940,6,3,3,2,2,3,4,3,4,2,1,33
3941,32,14,10,19,20,32,13,26,26,33,0,225
3942,9,5,2,10,9,5,7,8,6,8,3,72
3943,2,5,3,7,8,5,1,2,6,7,0,46
3944,4,1,4,7,4,2,0,2,3,7,0,34
3945,3,2,3,1,2,3,1,0,3,1,0,19
3946,0,0,1,1,1,1,0,0,0,1,0,5
3950,6,4,5,10,5,7,1,3,5,4,0,50
3951,2,0,2,4,0,2,2,1,4,2,0,19
3953,13,11,15,13,21,14,9,6,7,3,1,113
3954,1,0,0,0,0,1,0,1,0,0,0,3
3956,5,5,10,9,6,10,6,8,6,7,0,72
3957,1,0,0,1,0,0,0,0,1,1,0,4
3958,1,0,1,0,0,0,0,0,1,0,0,3
3959,2,3,1,5,4,8,1,3,6,4,0,37
3960,1,5,4,4,5,2,4,7,2,4,1,39
3962,2,2,1,0,0,2,0,1,0,3,0,11
3964,0,0,0,1,2,0,0,1,0,0,0,4
3965,1,1,1,1,0,1,0,1,0,0,0,6
3966,2,0,0,0,0,3,0,0,2,1,0,8
3967,0,0,0,0,0,0,0,1,0,0,0,1
3971,9,1,5,4,9,5,0,4,4,7,2,50
3975,22,18,33,40,44,71,18,38,50,72,3,409
3976,17,23,29,24,27,42,21,34,50,44,3,314
3977,94,98,139,188,172,226,111,167,231,294,8,"1,728"
3978,73,74,113,111,155,189,87,116,136,220,3,"1,277"
3979,1,2,0,0,0,2,2,1,3,2,0,13
3980,3,5,1,3,3,5,3,7,6,7,2,45
3981,3,7,10,7,4,11,4,8,9,4,0,67
3984,8,15,11,20,11,31,14,15,26,20,1,172
3987,4,5,0,3,1,3,2,4,3,2,0,27
3988,1,1,1,0,1,2,0,1,1,4,0,12
3990,1,0,0,1,1,0,0,0,0,0,0,3
3991,0,0,0,0,1,0,0,2,1,0,0,4
3992,4,2,0,4,2,3,4,1,3,5,0,28
3995,24,21,21,36,13,23,14,25,28,25,2,232
3996,8,15,10,12,12,17,8,19,13,16,2,132
4000,2,2,2,5,3,5,0,3,2,5,0,29
4005,6,2,4,6,7,12,5,4,14,11,2,73
4006,1,3,3,5,5,6,2,2,6,4,1,38
4007,10,6,14,7,16,14,10,12,14,38,2,143
4008,0,1,0,0,0,0,0,0,1,2,0,4
4009,0,0,2,0,0,0,0,1,0,1,0,4
4010,2,1,2,2,1,2,0,2,1,2,0,15
4011,15,4,10,19,9,12,12,12,25,34,7,159
4012,22,19,19,19,18,24,36,24,30,44,5,260
4013,6,2,3,8,7,5,6,5,10,15,2,69
4014,20,12,9,20,25,19,17,20,42,51,7,242
4017,41,38,50,43,46,51,50,39,82,83,12,535
4018,8,9,10,10,10,16,8,17,17,32,5,142
4019,12,17,17,15,15,25,13,30,34,50,2,230
4020,36,25,21,29,31,44,34,41,43,81,10,395
4021,9,11,9,9,6,8,7,3,12,22,3,99
4022,7,7,7,6,8,8,6,10,7,19,2,87
4025,6,1,0,1,2,3,2,2,6,5,0,28
4030,20,7,13,17,16,10,12,16,28,40,5,184
4031,11,11,7,11,14,20,11,19,26,41,2,173
4032,5,9,13,6,12,14,17,13,22,34,6,151
4034,42,34,40,49,60,65,55,43,69,129,13,599
4035,42,29,34,64,62,65,50,75,87,115,14,637
4036,11,4,6,11,9,11,9,10,14,21,1,107
4037,19,11,11,12,17,19,20,16,33,35,1,194
4051,24,18,21,29,39,33,30,59,59,76,4,392
4053,42,23,42,54,64,59,43,74,101,109,20,631
4054,6,9,12,14,19,18,13,13,27,58,9,198
4055,36,20,22,33,39,44,31,50,75,97,17,464
4059,12,6,11,8,12,18,9,16,13,25,2,132
4060,15,5,17,13,25,25,11,22,23,45,7,208
4061,19,27,26,30,31,25,24,41,61,62,12,358
4064,14,10,12,10,17,20,10,11,18,27,0,149
4065,16,8,15,17,18,32,13,18,30,36,6,209
4066,9,6,11,12,16,19,14,15,34,28,3,167
4067,3,1,12,10,9,8,9,17,17,19,2,107
4068,28,16,18,39,42,43,20,44,42,77,4,373
4069,62,46,67,88,109,101,78,113,139,222,23,"1,048"
4070,19,26,15,24,25,36,28,46,60,90,10,379
4073,22,7,12,14,23,12,7,29,38,38,4,206
4074,32,28,28,43,49,58,36,55,66,102,15,512
4075,30,21,34,30,58,49,39,43,61,80,6,451
4076,4,4,7,5,3,7,5,7,13,15,3,73
4077,20,16,26,46,23,42,36,44,62,91,8,414
4078,30,19,23,45,33,60,32,59,58,80,10,449
4101,12,12,13,11,19,14,13,12,26,26,4,162
4102,7,4,8,13,5,11,4,7,7,20,5,91
4103,5,8,13,15,11,15,14,20,18,26,1,146
4104,11,6,9,13,9,7,7,4,15,18,4,103
4105,10,13,8,7,19,15,9,25,25,36,5,172
4106,1,0,1,0,1,0,0,3,4,10,1,21
4107,7,4,6,7,7,15,7,9,17,23,4,106
4108,6,1,6,17,19,16,8,10,18,40,1,142
4109,30,30,52,56,73,115,55,90,137,263,5,906
4110,26,25,22,40,38,69,31,68,84,178,10,591
4111,0,0,0,0,1,1,2,1,1,0,0,6
4112,12,8,13,17,17,24,17,17,38,55,3,221
4113,32,31,38,35,49,74,35,51,98,120,6,569
4114,7,10,11,10,14,19,18,10,29,40,5,173
4115,28,28,31,39,41,56,35,45,72,88,13,476
4116,18,30,26,49,57,76,34,69,111,171,9,650
4117,1,1,4,2,4,4,2,4,5,9,0,36
4118,37,42,25,50,42,44,47,42,80,109,17,535
4119,8,10,9,16,10,23,14,16,27,36,2,171
4120,1,5,2,6,5,11,7,10,11,19,1,78
4121,25,30,39,46,43,56,38,33,62,86,6,464
4122,46,40,32,62,59,83,47,84,120,174,8,755
4123,35,29,40,49,59,79,45,56,105,172,12,681
4124,46,34,51,51,58,66,59,61,104,176,10,716
4125,16,19,10,21,17,15,25,33,34,63,5,258
4127,32,28,23,30,33,30,27,30,54,66,5,358
4128,20,18,25,30,27,35,22,36,55,82,15,365
4129,7,5,5,10,8,9,8,14,9,27,4,106
4130,15,13,20,15,19,15,13,19,38,94,11,272
4131,14,4,14,6,6,11,14,6,16,18,2,111
4132,12,22,19,16,32,25,23,20,32,34,6,241
4133,27,29,51,33,41,44,26,38,59,66,17,431
4151,14,11,11,21,13,19,17,21,22,46,2,197
4152,66,42,48,60,68,96,69,73,129,181,19,851
4153,4,5,4,6,9,6,6,9,14,23,1,87
4154,19,9,22,18,23,25,26,35,37,62,7,283
4155,1,1,3,4,6,8,2,6,12,21,0,64
4156,8,4,11,13,10,10,5,9,18,30,1,119
4157,30,19,21,29,25,43,26,35,45,79,11,363
4158,5,1,6,6,4,5,2,7,7,27,1,71
4159,23,17,20,29,27,28,18,22,47,88,10,329
4160,41,30,26,35,33,43,28,41,61,97,12,447
4161,17,12,26,23,30,38,28,28,34,48,4,288
4163,24,16,21,30,25,29,22,35,46,53,5,306
4164,41,27,38,31,34,53,36,28,36,92,8,424
4165,85,51,78,90,82,94,70,101,145,160,26,982
4169,5,2,6,1,3,7,6,6,8,19,2,65
4170,26,20,22,38,32,45,31,44,59,91,10,418
4171,16,17,17,21,18,27,15,23,34,55,6,249
4172,4,1,6,11,9,9,5,9,15,17,2,88
4173,7,9,6,3,9,14,4,14,16,22,3,107
4174,11,4,2,4,13,11,8,7,10,11,2,83
4178,34,16,25,30,32,39,28,39,54,73,11,381
4179,23,13,26,30,19,26,26,39,56,99,15,372
4183,7,3,6,6,2,3,2,5,7,6,1,48
4184,25,8,32,29,22,18,18,20,25,37,9,243
4205,6,10,28,15,7,14,5,3,15,9,4,116
4207,94,70,77,100,107,114,93,116,167,254,46,"1,238"
4208,30,34,32,44,46,62,54,39,68,123,14,546
4209,74,68,81,111,111,118,120,124,177,212,35,"1,231"
4210,44,40,40,45,62,53,38,51,80,110,19,582
4211,91,55,84,107,103,126,101,114,160,245,30,"1,216"
4212,80,61,58,68,78,82,55,87,110,145,20,844
4213,73,53,40,77,74,106,62,77,116,181,10,869
4214,52,50,50,82,64,76,50,62,86,148,14,734
4215,25,17,26,22,28,29,29,41,50,74,6,347
4216,48,41,42,67,64,67,46,59,62,90,12,598
4217,21,27,35,36,48,44,25,38,61,89,9,433
4218,32,25,32,35,45,48,25,43,57,92,7,441
4220,40,27,45,39,47,59,28,46,67,87,16,501
4221,32,25,34,39,41,38,30,28,55,99,13,434
4223,32,16,21,24,34,43,18,32,38,78,4,340
4224,6,2,2,6,8,8,8,6,15,23,2,86
4225,12,4,3,3,3,10,1,2,4,6,2,50
4226,41,23,38,34,64,45,28,61,71,108,15,528
4227,34,23,30,24,41,36,37,40,39,78,5,387
4228,20,8,12,15,18,19,15,23,23,43,2,198
4270,3,6,12,6,11,14,7,8,13,29,4,113
4271,0,0,1,0,0,0,0,0,0,0,0,1
4272,18,11,20,30,29,29,16,22,36,34,10,255
4275,5,6,9,5,10,13,8,9,16,13,2,96
4280,32,36,44,40,49,53,43,69,109,121,17,613
4285,38,30,35,31,44,58,54,60,75,86,13,524
4287,3,2,2,1,0,3,1,0,4,3,1,20
4300,91,72,83,123,127,143,115,138,188,255,39,"1,374"
4301,48,38,54,44,36,49,42,61,60,67,16,515
4303,3,4,3,3,5,3,5,5,4,8,0,43
4304,22,17,17,31,9,23,24,26,18,40,5,232
4305,77,55,66,85,58,62,61,81,107,103,45,800
4306,92,58,85,108,103,137,112,153,196,258,45,"1,347"
4307,2,3,2,5,2,6,5,3,6,10,2,46
4309,6,4,6,11,5,9,7,5,5,10,0,68
4310,8,4,10,19,11,12,12,5,9,29,1,120
4311,28,24,16,11,5,20,15,25,40,44,5,233
4312,5,4,8,6,4,5,3,4,5,6,2,52
4313,3,1,7,1,2,5,2,1,2,5,1,30
4314,5,8,5,8,8,7,4,9,6,10,3,73
4340,15,13,11,11,8,10,4,12,15,25,5,129
4341,41,26,33,40,36,37,31,38,58,97,19,456
4342,2,3,3,4,5,4,6,4,10,9,0,50
4343,11,12,14,16,18,26,12,17,23,52,10,211
4344,4,8,4,6,4,10,1,4,4,11,1,57
4346,5,0,1,3,3,6,3,0,2,7,0,30
4347,2,2,3,0,5,3,1,4,8,7,1,36
4350,71,59,67,94,84,90,62,89,126,190,18,950
4352,40,29,52,52,49,59,41,51,88,123,16,600
4353,2,0,0,0,0,1,1,0,0,1,0,5
4354,4,2,2,2,3,1,1,0,0,2,0,17
4355,1,3,2,2,3,8,1,4,7,6,1,38
4356,1,6,2,1,3,2,7,5,1,6,0,34
4357,5,7,6,5,4,8,1,2,6,5,0,49
4358,2,2,4,1,2,4,4,5,2,4,1,31
4359,2,1,3,2,3,2,1,2,2,5,1,24
4360,0,1,1,0,0,0,0,2,0,0,1,5
4361,0,1,1,1,0,2,3,2,5,4,0,19
4362,4,0,1,2,6,1,1,3,4,6,2,30
4363,0,1,0,0,0,1,1,1,1,1,0,6
4365,1,0,3,1,1,1,0,1,3,2,0,13
4370,16,5,19,15,8,19,4,16,9,28,3,142
4371,1,0,3,4,2,0,0,1,2,2,0,15
4373,4,0,1,0,1,0,1,0,1,1,1,10
4374,0,0,0,0,0,3,0,1,1,3,0,8
4377,0,1,2,1,1,2,1,2,0,3,0,13
4378,0,1,0,1,2,1,0,0,3,1,0,9
4380,3,4,6,10,9,10,6,6,7,17,0,78
4381,2,1,0,2,3,1,0,2,1,1,0,13
4382,0,1,0,0,4,2,1,2,3,2,0,15
4383,0,0,1,0,1,0,0,1,1,2,0,6
4385,2,0,1,0,3,0,0,0,4,2,0,12
4387,0,0,1,3,1,1,0,0,3,1,1,11
4388,0,0,0,0,0,0,0,0,0,1,0,1
4390,0,2,1,3,3,3,2,15,5,13,1,48
4400,7,2,5,1,2,4,3,0,2,4,0,30
4401,4,4,1,3,4,5,10,8,5,11,2,57
4402,1,1,1,0,2,0,0,1,0,0,0,6
4403,0,3,0,0,0,1,1,0,1,1,0,7
4404,0,0,0,0,0,0,0,0,1,1,0,2
4405,5,3,7,12,6,9,9,17,19,20,0,107
4406,0,1,1,1,3,1,1,0,0,1,0,9
4407,0,0,0,1,0,2,0,0,2,1,0,6
4408,0,1,0,1,1,1,0,0,0,0,0,4
4410,1,0,1,2,0,0,0,0,0,1,0,5
4411,0,1,0,0,0,0,0,0,0,0,0,1
4412,0,0,0,0,1,0,0,1,0,2,0,4
4413,6,6,5,8,9,8,0,1,4,10,1,58
4415,2,4,1,2,2,1,0,0,1,4,0,17
4416,0,0,1,1,3,0,0,1,0,0,0,6
4417,0,0,0,0,2,0,0,1,0,3,0,6
4419,2,1,1,0,2,0,0,0,0,2,0,8
4420,2,1,0,0,0,1,0,0,0,0,0,4
4421,3,2,0,2,6,4,2,1,1,5,0,26
4422,0,0,0,0,1,0,0,1,0,0,0,2
4424,0,1,0,0,0,0,0,0,0,1,0,2
4425,0,0,0,0,0,0,0,0,0,1,0,1
4427,0,0,1,0,0,0,0,0,2,0,0,3
4428,0,1,0,1,2,0,0,0,0,2,0,6
4454,0,1,0,0,1,0,0,0,0,0,0,2
4455,6,3,4,4,6,6,2,4,11,14,1,61
4465,5,0,0,0,1,0,0,0,0,7,1,14
4468,0,0,0,2,1,2,0,1,0,2,0,8
4470,0,4,0,6,2,3,0,2,0,10,0,27
4472,0,0,1,0,2,0,1,0,0,1,0,5
4474,0,0,0,0,0,0,0,0,0,1,0,1
4477,0,0,0,1,0,0,0,0,0,1,0,2
4478,1,0,0,1,0,1,0,0,0,0,0,3
4480,0,0,0,0,1,0,0,0,0,13,0,14
4486,0,0,0,0,2,0,0,0,0,1,0,3
4487,0,0,0,6,5,5,0,2,0,8,0,26
4490,2,0,0,7,0,0,0,0,0,7,0,16
4492,0,0,0,0,0,0,0,0,0,2,0,2
4500,62,36,63,68,63,80,74,85,111,123,31,796
4501,6,4,4,12,6,7,6,6,13,16,1,81
4502,11,16,18,13,14,11,13,16,20,20,4,156
4503,38,49,42,76,52,56,48,78,100,135,20,694
4504,41,30,25,27,62,42,40,56,83,97,16,519
4505,42,34,46,43,47,55,47,83,69,110,13,589
4506,29,28,25,29,38,31,32,42,62,73,11,400
4507,40,14,23,34,35,34,42,60,70,56,18,426
4508,22,18,16,24,22,15,13,22,32,43,10,237
4509,48,34,41,44,60,56,40,70,98,114,13,618
4510,76,86,66,75,84,81,70,130,106,144,30,948
4511,17,15,13,16,12,21,8,26,26,30,6,190
4512,2,5,5,4,12,14,9,15,8,13,5,92
4513,0,0,0,0,0,2,1,1,1,0,0,5
4514,11,17,17,17,24,22,23,19,33,37,6,226
4515,5,2,6,12,10,10,3,5,12,20,0,85
4516,11,3,8,9,10,11,16,11,13,19,4,115
4517,1,1,1,1,1,3,1,0,2,4,0,15
4518,5,8,8,16,15,13,9,21,15,32,3,145
4519,13,13,9,12,16,17,19,16,26,28,4,173
4520,30,26,31,40,39,40,32,44,62,88,10,442
4521,13,9,12,13,18,14,8,19,25,45,3,179
4550,8,1,11,8,12,10,12,5,11,18,2,98
4551,69,61,85,120,112,164,88,135,140,176,29,"1,179"
4552,27,9,16,25,33,40,21,32,38,37,8,286
4553,13,18,17,17,17,43,13,26,42,77,6,289
4554,6,2,1,3,4,5,1,5,9,4,1,41
4555,8,6,6,14,13,24,9,19,20,30,3,152
4556,50,39,56,74,76,72,56,87,123,159,17,809
4557,13,19,24,18,25,31,26,24,32,57,5,274
4558,14,10,11,19,21,20,12,21,32,27,5,192
4559,8,9,15,10,17,19,11,15,15,32,3,154
4560,46,28,51,58,76,86,71,73,79,128,25,721
4561,16,12,17,28,35,37,19,38,30,59,8,299
4562,22,11,14,21,20,33,12,27,32,58,8,258
4563,20,14,15,23,23,38,17,33,20,45,4,252
4564,12,10,13,12,25,32,20,23,31,35,5,218
4565,16,13,17,27,32,22,20,25,44,45,8,269
4566,17,14,8,13,12,22,15,17,24,33,6,181
4567,33,22,14,21,24,30,10,13,40,52,4,263
4568,5,5,7,7,12,7,8,7,10,17,0,85
4569,4,0,3,3,4,4,0,5,4,6,1,34
4570,56,52,54,66,71,81,39,96,117,142,24,798
4571,1,2,0,2,0,5,1,1,3,6,0,21
4572,3,2,4,5,1,4,4,5,4,12,0,44
4573,40,31,44,50,58,59,33,65,59,103,14,556
4574,4,1,2,2,0,6,3,5,4,12,0,39
4575,36,25,32,35,32,48,31,39,58,79,9,424
4580,8,11,4,2,16,8,2,14,17,14,2,98
4581,2,2,3,3,4,8,1,4,14,11,1,53
4600,1,1,0,0,2,2,0,3,2,2,0,13
4601,0,0,1,1,3,1,0,1,1,3,0,11
4605,4,0,5,2,10,4,5,2,3,3,2,40
4606,1,2,2,5,3,5,3,1,3,5,1,31
4608,0,0,0,2,2,0,0,1,2,3,0,10
4610,11,9,10,9,18,17,11,14,27,38,3,167
4612,1,0,0,2,0,0,1,0,0,1,0,5
4613,0,0,2,0,1,0,1,0,1,1,0,6
4614,1,1,0,1,1,2,0,2,3,1,0,12
4615,8,6,9,11,8,10,8,12,10,33,0,115
4620,2,0,1,1,1,3,0,1,2,2,0,13
4621,1,2,1,4,1,3,1,1,2,3,0,19
4625,1,0,0,0,1,4,0,2,1,5,1,15
4626,1,2,0,4,3,1,0,0,0,0,0,11
4627,0,0,0,1,0,1,0,0,1,0,0,3
4630,0,2,1,1,5,7,2,2,2,1,0,23
4650,32,26,40,28,46,59,40,48,63,82,22,486
4655,46,45,66,62,82,105,52,82,140,159,28,867
4659,10,6,7,11,10,12,5,10,5,17,3,96
4660,6,11,7,10,18,15,14,13,21,25,4,144
4662,0,0,0,1,1,1,0,1,3,1,0,8
4670,58,53,66,57,85,132,59,96,113,188,32,939
4671,4,6,8,6,10,10,7,12,10,22,3,98
4673,0,0,0,0,0,2,0,0,1,1,0,4
4674,1,2,2,4,5,6,1,5,4,12,0,42
4676,0,0,1,0,0,0,0,1,0,2,0,4
4677,10,3,5,7,9,14,5,8,10,19,1,91
4678,0,1,0,2,3,4,1,2,4,5,0,22
4680,36,56,40,57,58,80,20,62,87,100,14,610
4694,0,0,0,1,0,0,0,0,0,0,0,1
4695,0,1,3,1,1,2,0,2,0,1,0,11
4697,0,0,0,0,0,0,0,0,0,1,0,1
4699,0,0,0,0,0,1,0,1,0,1,0,3
4700,6,2,0,9,17,10,10,8,11,26,0,99
4701,11,22,22,20,29,34,14,35,38,94,8,327
4702,14,21,18,19,40,35,19,32,26,60,5,289
4703,14,22,30,30,22,35,18,27,42,59,4,303
4705,0,0,1,0,1,0,0,0,0,0,0,2
4707,0,1,0,0,0,0,0,0,0,0,0,1
4710,2,4,3,4,3,12,4,9,9,8,0,58
4711,2,0,4,1,3,1,1,3,4,4,0,23
4712,0,0,1,0,0,0,0,0,1,0,0,2
4714,0,1,3,6,3,1,0,2,1,3,1,21
4715,2,2,4,2,3,1,2,2,3,3,0,24
4716,1,0,0,0,1,0,0,1,0,1,0,4
4717,1,1,5,1,1,6,5,2,1,2,0,25
4718,7,1,3,0,2,2,5,10,1,0,1,32
4719,2,0,2,0,0,2,1,0,0,3,0,10
4720,4,6,6,11,5,5,1,4,11,17,3,73
4721,1,0,0,0,0,1,0,2,9,2,0,15
4722,0,0,0,0,1,0,0,0,2,1,0,4
4723,1,0,0,2,1,2,2,0,4,0,1,13
4725,1,0,2,0,0,5,0,0,1,1,0,10
4726,0,0,1,0,1,1,0,0,1,0,0,4
4727,0,0,0,0,0,1,0,0,0,2,0,3
4730,1,2,2,1,6,5,1,2,7,10,1,38
4731,0,0,0,0,0,1,0,0,0,1,0,2
4733,0,1,0,0,0,0,0,0,0,0,0,1
4735,1,1,11,2,1,0,1,0,0,0,0,17
4737,15,8,15,15,9,10,10,9,15,15,2,123
4738,0,0,0,1,2,0,1,1,3,3,2,13
4739,0,0,0,1,1,1,0,0,0,1,1,5
4740,77,57,87,123,107,117,89,123,138,248,39,"1,205"
4741,9,8,12,12,21,22,7,11,10,27,1,140
4742,2,0,2,3,1,0,2,1,2,1,1,15
4744,4,3,5,0,4,1,9,5,8,3,2,44
4745,0,1,3,2,0,1,3,5,4,2,1,22
4750,1,3,11,8,9,11,7,6,9,11,3,79
4751,5,4,2,6,8,7,4,9,10,12,0,67
4753,5,3,3,9,8,9,5,2,6,15,6,71
4754,2,3,2,1,6,4,6,5,7,10,1,47
4756,2,0,1,1,0,2,0,2,2,1,1,12
4757,1,0,1,1,0,0,0,0,0,2,0,5
4798,0,0,0,0,3,1,1,2,2,1,0,10
4799,1,2,1,3,4,8,7,4,7,6,1,44
4800,14,19,25,23,29,33,27,37,49,63,8,327
4802,16,15,27,25,20,22,20,32,24,45,5,251
4804,1,0,1,2,5,2,2,4,15,6,2,40
4805,12,21,23,25,31,33,17,22,35,46,13,278
4806,2,3,1,6,2,1,1,3,2,9,0,30
4807,6,3,7,11,10,9,6,12,21,35,4,124
4808,0,3,1,1,2,5,1,1,0,1,0,15
4809,2,0,0,5,5,2,1,2,4,9,1,31
4810,21,18,14,21,30,36,26,26,45,70,9,316
4811,10,10,11,18,12,15,11,20,19,40,2,168
4812,21,11,15,19,27,22,19,22,36,53,8,253
4814,57,31,37,43,67,80,32,69,92,111,23,642
4815,32,15,21,33,22,25,23,31,38,51,11,302
4816,16,19,11,27,20,21,19,20,28,48,13,242
4817,36,37,38,44,50,45,42,47,68,103,24,534
4818,57,59,65,61,60,76,40,69,75,130,29,721
4819,4,5,5,5,12,6,4,6,17,11,5,80
4820,14,5,7,13,6,15,7,9,9,22,2,109
4821,0,2,0,0,0,0,0,0,1,3,1,7
4822,0,1,0,0,0,0,0,0,0,1,0,2
4823,0,0,0,0,1,2,0,0,1,3,0,7
4824,0,3,4,0,2,0,0,1,1,2,0,13
4825,1,2,8,4,11,1,1,9,9,18,1,65
4829,1,0,0,0,0,0,0,2,0,0,0,3
4849,0,0,2,3,2,4,1,5,3,3,0,23
4850,10,8,9,10,9,14,8,8,13,36,4,129
4852,13,12,10,6,8,12,10,5,12,17,1,106
4854,5,5,2,2,4,3,3,9,5,17,1,56
4855,0,1,0,0,0,0,1,0,2,2,0,6
4856,0,0,3,1,1,1,0,1,0,4,0,11
4858,1,2,1,1,2,3,1,3,2,0,1,17
4859,1,0,1,1,1,0,1,0,0,0,0,5
4860,9,4,6,6,9,9,5,10,16,22,4,100
4861,0,1,0,1,2,2,1,0,3,1,0,11
4865,9,7,10,15,13,16,10,16,12,39,3,150
4868,23,14,15,23,16,38,34,44,42,52,9,310
4869,11,22,21,26,31,10,18,18,37,57,10,261
4870,56,44,54,72,64,93,58,92,107,144,28,812
4871,6,8,10,7,10,6,3,14,12,28,1,105
4872,5,2,2,7,5,8,3,3,6,12,4,57
4873,5,2,5,6,7,16,6,6,17,23,5,98
4874,0,0,1,0,0,0,1,0,0,1,0,3
4875,0,0,0,0,0,1,0,1,6,1,0,9
4876,0,0,0,0,0,0,0,1,0,0,0,1
4877,2,4,6,11,8,14,3,0,9,21,4,82
4878,12,6,15,25,28,32,20,30,39,41,5,253
4879,30,23,34,46,46,53,36,42,49,89,12,460
4880,10,5,8,11,18,17,12,18,24,19,5,147
4881,3,7,4,8,11,10,4,13,16,17,2,95
4882,1,1,1,5,4,6,2,8,1,4,1,34
4883,8,3,6,11,13,16,8,9,16,20,5,115
4884,5,1,4,4,3,7,3,4,3,9,0,43
4885,5,0,1,3,9,9,5,5,10,12,1,60
4886,3,2,0,2,0,0,4,2,3,1,1,18
4887,2,1,0,3,1,3,0,4,2,0,1,17
4888,1,4,1,18,9,11,6,7,4,14,4,79
4890,0,1,0,0,0,0,0,0,0,0,0,1
4891,0,0,0,1,1,1,0,0,0,2,0,5
4892,0,0,1,1,0,0,0,0,0,0,0,2
4895,0,1,0,2,0,2,1,3,1,6,0,16
5000,8,8,9,6,6,14,4,7,12,22,3,99
5006,7,9,8,4,13,13,3,11,10,20,0,98
5007,16,9,6,15,11,19,14,16,18,21,5,150
5008,36,23,42,28,41,45,25,34,37,52,6,369
5009,17,10,6,11,15,16,15,13,17,19,1,140
5010,10,10,14,11,20,8,7,14,14,35,5,148
5011,43,27,41,28,32,46,35,28,42,51,10,383
5012,27,19,22,29,33,31,15,19,33,45,6,279
5013,22,15,23,23,19,34,23,24,34,41,6,264
5014,24,13,18,17,25,27,20,17,37,43,10,251
5015,14,12,12,14,13,21,9,14,15,17,0,141
5016,16,11,20,22,21,28,19,22,28,33,6,226
5017,8,5,11,5,8,9,7,3,10,17,1,84
5018,18,8,11,9,13,16,11,12,17,19,2,136
5019,31,23,19,17,22,22,16,19,16,27,5,217
5020,7,11,2,9,6,6,5,2,13,12,2,75
5021,10,16,17,18,20,16,14,15,22,32,4,184
5022,48,30,40,58,42,51,29,40,74,84,19,515
5023,37,19,28,27,28,37,22,34,23,55,5,315
5024,31,33,41,33,24,49,24,27,52,61,10,385
5025,27,15,17,26,19,23,11,17,26,36,4,221
5031,18,22,14,23,24,25,18,23,28,42,5,242
5032,25,33,27,35,35,32,21,22,51,68,7,356
5033,13,13,17,18,19,17,12,19,24,32,6,190
5034,31,29,22,27,37,22,23,30,31,51,10,313
5035,18,16,12,14,10,18,10,15,24,27,4,168
5037,24,19,21,35,22,29,13,27,19,40,7,256
5038,22,21,38,47,33,38,23,39,42,63,11,377
5039,20,18,24,21,22,20,10,21,30,42,3,231
5040,7,7,3,10,5,7,10,9,7,13,1,79
5041,41,27,33,32,32,33,24,37,39,66,8,372
5042,31,13,27,31,36,23,21,26,26,51,9,294
5043,36,38,39,55,46,39,44,33,42,53,9,434
5044,33,12,27,35,34,30,22,36,36,45,4,314
5045,28,18,27,38,31,30,27,31,36,71,9,346
5046,26,20,17,23,22,19,25,17,22,38,7,236
5047,21,18,19,27,18,31,16,17,27,30,7,231
5048,47,37,31,48,47,37,27,37,53,77,9,450
5049,31,23,29,34,41,34,26,30,45,56,8,357
5050,20,13,17,21,19,21,17,18,20,17,4,187
5051,57,39,48,59,47,38,30,61,61,74,12,526
5052,22,20,14,10,16,13,16,24,17,47,7,206
5061,37,24,30,19,28,27,22,29,30,47,7,300
5062,60,45,43,46,44,68,29,36,57,94,10,532
5063,57,42,30,28,34,31,22,32,38,50,10,374
5064,36,26,36,43,36,34,23,31,53,71,14,403
5065,43,26,36,30,31,42,17,26,44,66,9,370
5066,49,49,31,50,56,55,27,54,61,93,10,535
5067,25,15,22,21,26,25,12,33,28,33,3,243
5068,39,19,28,35,35,38,21,37,37,68,9,366
5069,15,11,26,24,34,19,14,27,33,48,2,253
5070,37,45,38,38,39,38,31,47,49,73,8,443
5072,53,28,35,44,55,50,44,55,47,79,9,499
5073,67,34,64,47,48,66,42,62,48,95,13,586
5074,45,30,32,39,39,38,26,35,42,43,8,377
5075,32,31,23,30,33,34,18,34,34,46,5,320
5076,28,20,33,23,34,33,20,27,37,47,8,310
5081,29,23,27,34,24,36,21,28,38,50,6,316
5082,44,29,35,49,46,44,28,47,45,74,9,450
5083,25,16,8,12,19,21,11,16,26,32,3,189
5084,24,11,12,12,18,24,14,21,31,40,6,213
5085,70,42,66,77,70,81,54,48,74,104,13,699
5086,38,27,48,54,57,58,37,57,58,79,7,520
5087,31,27,29,36,45,32,19,24,34,54,2,333
5088,1,6,6,11,8,7,7,7,6,13,1,73
5089,22,9,22,19,18,22,10,18,23,44,4,211
5090,14,21,19,12,9,13,5,25,24,23,3,168
5091,11,12,14,15,14,25,8,17,28,34,3,181
5092,50,35,48,45,45,47,27,38,59,71,7,472
5093,16,5,17,20,20,27,19,15,22,28,3,192
5094,3,2,3,0,1,4,1,1,3,6,0,24
5095,36,37,48,47,57,39,34,50,71,100,7,526
5096,36,21,32,39,26,37,27,21,42,54,4,339
5097,36,27,24,30,29,34,22,25,33,52,10,322
5098,26,32,30,33,25,25,13,29,31,52,6,302
5106,2,0,0,1,0,1,0,0,0,0,0,4
5107,44,22,49,44,35,37,35,32,53,76,8,435
5108,87,59,67,68,82,72,45,72,87,100,20,759
5109,41,25,44,35,42,36,31,38,49,72,11,424
5110,12,10,18,17,21,22,16,19,25,27,2,189
5111,0,0,0,0,2,1,0,0,0,0,1,4
5112,44,25,25,33,25,25,22,30,45,39,9,322
5113,38,24,21,28,20,32,20,28,32,37,3,283
5114,111,56,95,67,64,66,56,55,93,109,22,794
5115,42,36,19,25,24,27,31,32,44,49,9,338
5116,30,22,25,28,27,26,21,23,23,35,6,266
5117,40,37,48,51,41,48,25,40,54,66,7,457
5118,85,43,52,59,49,59,39,56,70,93,15,620
5120,27,29,40,32,41,55,24,27,43,72,4,394
5121,12,5,15,4,11,9,9,9,14,18,3,109
5125,47,31,43,43,44,32,38,60,59,84,16,497
5126,16,18,18,12,18,15,12,21,15,34,4,183
5127,15,13,18,18,20,11,15,19,25,31,7,192
5131,2,2,2,5,6,6,4,4,5,5,1,42
5132,0,0,0,3,2,0,1,2,1,4,0,13
5133,2,1,0,1,1,0,3,1,1,5,0,15
5134,2,2,2,1,3,2,1,2,5,5,1,26
5136,2,1,2,0,3,6,2,2,3,4,0,25
5137,3,0,2,0,4,4,1,1,1,2,0,18
5138,3,3,1,0,1,0,3,1,2,4,0,18
5139,0,1,1,2,3,0,0,2,0,2,0,11
5140,3,2,2,1,2,4,1,5,0,4,0,24
5141,3,3,3,1,6,3,1,5,5,6,0,36
5142,1,1,2,4,3,2,3,1,2,4,0,23
5144,1,2,2,1,3,4,1,0,2,3,0,19
5150,0,0,0,0,1,0,0,0,0,0,0,1
5151,1,0,0,1,1,2,0,1,2,3,0,11
5152,27,17,17,20,11,29,12,24,19,45,7,228
5153,24,11,21,25,20,28,9,17,35,48,5,243
5154,11,6,7,7,10,15,11,12,24,32,4,139
5155,10,4,7,8,8,11,8,6,15,19,5,101
5156,3,2,2,5,2,3,4,4,9,6,1,41
5157,9,8,18,13,8,15,8,9,15,22,2,127
5158,61,56,48,54,70,60,35,64,67,109,16,640
5159,82,71,74,88,84,105,66,92,100,145,27,934
5160,3,0,1,3,0,3,0,2,1,2,0,15
5161,21,20,17,21,24,19,18,22,30,47,12,251
5162,70,58,77,75,71,65,49,81,101,110,28,785
5163,32,18,29,30,31,29,24,21,35,51,4,304
5164,5,3,6,4,7,6,6,6,6,5,4,58
5165,12,4,12,11,9,11,5,7,12,22,2,107
5166,1,6,4,4,2,6,1,3,3,2,1,33
5167,17,11,12,12,18,25,19,19,19,25,4,181
5168,12,15,12,10,14,11,6,14,16,20,2,132
5169,45,50,37,47,57,65,49,54,59,77,20,560
5170,5,2,6,1,4,6,2,4,7,7,1,45
5171,24,13,17,25,29,23,9,16,17,37,5,215
5172,14,12,16,12,18,19,6,19,20,25,4,165
5173,40,25,26,37,29,37,24,34,36,55,14,357
5174,10,9,10,3,10,9,5,8,10,11,3,88
5201,10,5,5,18,5,3,8,4,8,12,1,79
5202,0,2,1,2,3,3,2,2,6,4,0,25
5203,5,4,4,0,5,6,4,4,9,7,3,51
5204,15,14,15,9,15,19,9,12,13,23,4,148
5210,8,6,7,7,4,2,3,5,8,10,0,60
5211,50,40,29,55,37,55,32,45,77,68,16,504
5212,7,4,4,2,6,9,3,3,4,13,4,59
5213,1,3,4,9,2,9,4,6,9,5,2,54
5214,43,32,35,35,35,26,33,38,44,50,8,379
5220,1,0,0,0,0,0,0,0,0,0,0,1
5221,1,0,2,2,1,3,0,2,1,0,0,12
5222,1,3,2,4,2,10,0,0,4,3,0,29
5223,15,13,8,6,2,17,2,7,11,9,1,91
5231,5,2,3,3,4,7,1,7,7,10,0,49
5232,1,1,1,1,2,2,0,4,1,4,1,18
5233,2,5,8,2,5,4,0,2,8,6,3,45
5234,5,3,4,5,5,5,4,7,6,1,1,46
5235,7,6,4,6,8,6,7,9,17,11,1,82
5236,0,1,0,0,1,0,2,1,0,1,0,6
5237,2,0,0,0,1,0,4,0,1,3,0,11
5238,18,16,12,13,21,15,6,16,18,20,2,157
5240,3,2,0,1,2,1,2,2,2,7,1,23
5241,13,5,5,11,6,11,8,9,13,11,1,93
5242,7,10,8,6,2,10,4,6,7,10,1,71
5243,2,2,1,5,6,6,4,3,6,3,0,38
5244,15,9,16,14,11,15,9,11,18,30,4,152
5245,8,8,7,6,7,7,8,9,11,21,0,92
5250,13,4,11,13,9,12,7,9,8,20,5,111
5251,69,48,77,81,82,71,47,61,92,103,20,751
5252,17,13,18,17,20,25,14,16,19,33,4,196
5253,74,37,40,46,50,57,28,44,54,60,16,506
5254,9,4,5,9,4,10,4,13,15,16,4,93
5255,27,23,32,29,35,42,21,32,35,39,7,322
5256,4,3,6,3,2,7,11,7,6,9,2,60
5259,1,3,3,6,1,6,6,4,4,11,1,46
5260,5,5,4,4,2,7,1,8,11,14,0,61
5261,0,0,0,0,1,1,0,0,2,1,0,5
5262,0,0,1,0,0,0,0,0,3,0,0,4
5263,1,0,0,1,0,0,1,1,1,1,0,6
5264,1,0,1,2,3,3,1,5,3,5,0,24
5265,1,0,0,0,0,1,1,1,1,0,0,5
5266,1,2,1,2,1,3,0,1,0,0,0,11
5267,3,0,2,2,4,11,2,1,3,7,0,35
5268,3,2,1,9,3,9,3,3,7,10,0,50
5269,0,0,0,0,0,0,0,0,0,1,0,1
5270,0,0,1,0,4,2,0,0,0,2,0,9
5271,11,10,6,15,14,17,8,8,11,19,1,120
5272,1,0,0,0,1,1,2,1,2,2,0,10
5275,2,1,3,5,2,9,3,2,9,3,0,39
5276,4,1,1,4,5,7,0,4,5,4,2,37
5277,5,1,6,3,7,3,2,3,7,1,0,38
5278,1,0,1,2,3,0,1,0,2,0,0,10
5279,0,0,1,1,2,0,0,0,2,0,0,6
5280,7,5,10,13,20,10,9,6,13,21,0,114
5290,24,19,35,41,44,42,26,27,24,28,3,313
5291,8,6,19,31,24,33,9,17,24,36,4,211
5301,3,0,0,0,4,1,0,1,0,3,0,12
5302,2,2,1,1,1,4,1,0,2,5,0,19
5303,0,0,0,0,0,0,0,0,2,2,0,4
5304,0,0,0,1,0,4,0,1,3,2,0,11
5306,0,0,0,0,0,1,0,0,0,0,0,1
5307,2,1,1,0,3,3,1,0,0,1,0,12
5311,0,0,0,0,1,1,0,1,1,2,0,6
5320,3,0,2,3,1,6,3,1,0,5,1,25
5321,1,1,3,4,2,3,1,1,5,1,0,22
5322,1,5,6,6,4,5,1,1,3,7,0,39
5330,5,7,7,7,15,17,4,6,7,16,0,91
5331,0,0,0,1,2,3,0,0,0,2,0,8
5332,0,0,1,2,2,4,0,0,0,3,0,12
5333,10,9,15,14,12,25,5,18,17,38,1,164
5340,1,2,3,2,4,8,2,2,1,15,1,41
5341,17,11,8,20,21,39,9,10,22,57,4,218
5342,2,2,0,3,7,2,1,1,3,2,1,24
5343,13,2,8,9,9,10,3,11,9,19,1,94
5344,2,1,0,3,6,4,1,4,2,5,0,28
5345,2,4,8,6,15,11,3,14,12,13,2,90
5346,0,0,1,1,1,2,0,1,0,2,0,8
5350,2,2,1,3,1,3,0,2,3,5,0,22
5351,19,10,9,17,13,26,12,28,18,41,10,203
5352,21,11,21,17,13,13,10,20,30,34,10,200
5353,8,5,13,7,13,12,6,13,7,27,2,113
5354,2,0,0,0,2,0,2,1,5,0,0,12
5355,31,19,20,25,19,24,17,29,26,25,5,240
5356,0,2,3,1,2,6,2,3,2,3,1,25
5357,0,4,4,3,0,0,2,0,0,2,0,15
5360,3,1,4,9,5,3,2,4,7,7,2,47
5371,19,9,13,13,9,13,9,18,11,20,3,137
5372,7,7,13,7,8,10,6,9,7,12,1,87
5373,10,9,10,10,11,8,7,6,17,7,3,98
5374,2,0,3,8,6,4,4,11,7,4,1,50
5381,0,0,0,0,2,0,0,1,0,2,0,5
5400,3,1,4,2,4,5,2,2,4,7,0,34
5401,1,1,1,0,1,2,1,0,2,2,0,11
5410,0,0,0,1,0,0,0,2,0,1,0,4
5411,0,1,0,0,0,0,0,2,1,0,0,4
5412,2,2,2,2,2,1,0,4,4,5,1,25
5413,3,1,2,0,3,2,0,2,6,3,0,22
5414,0,0,0,0,0,0,1,0,0,0,0,1
5415,2,1,2,0,1,0,1,2,0,4,0,13
5416,0,0,1,1,2,2,0,0,0,0,0,6
5417,3,2,3,3,3,3,1,8,1,5,1,33
5418,0,0,0,0,1,0,0,0,0,0,0,1
5419,1,0,0,0,0,0,1,0,0,0,0,2
5420,0,0,0,1,0,0,0,0,0,1,0,2
5421,1,0,0,0,2,1,0,1,0,0,0,5
5422,3,0,3,2,0,5,6,1,5,6,1,32
5431,1,0,1,0,0,1,1,0,1,2,0,7
5432,0,0,1,0,0,2,0,0,1,3,0,7
5433,2,0,2,1,2,1,0,4,2,4,0,18
5434,0,1,1,0,0,6,0,1,1,9,0,19
5440,0,0,1,0,0,1,0,0,0,0,0,2
5451,3,4,1,2,1,4,4,4,6,3,1,33
5452,9,0,1,1,1,2,1,2,1,2,1,21
5453,12,9,16,11,9,10,7,8,16,19,3,120
5454,1,0,2,0,1,3,0,0,2,3,0,12
5455,0,0,0,0,0,1,0,0,0,0,0,1
5460,0,2,1,0,4,1,4,1,0,4,0,17
5461,8,4,2,5,9,4,3,6,6,11,1,59
5462,0,0,1,0,0,1,0,4,1,1,0,8
5464,0,2,1,0,1,2,0,0,2,3,0,11
5470,0,0,0,0,0,0,1,0,0,0,0,1
5472,1,0,0,1,0,1,0,0,1,0,0,4
5473,3,2,1,0,1,3,2,1,2,5,0,20
5480,2,0,2,0,1,3,0,3,1,3,0,15
5481,1,1,0,1,0,2,0,1,0,0,0,6
5482,0,0,0,1,1,1,0,0,0,2,0,5
5483,0,0,0,1,0,1,0,0,2,2,1,7
5485,1,0,1,1,1,1,2,1,4,2,0,14
5490,0,0,0,1,1,0,0,0,0,0,0,2
5491,1,1,0,1,5,5,2,3,9,12,0,39
5493,0,1,1,0,0,0,0,1,0,0,0,3
5495,1,2,5,2,1,0,0,2,2,1,0,16
5501,34,35,30,50,43,51,36,43,45,66,13,446
5502,3,1,1,3,1,2,3,4,4,1,0,23
5510,0,0,0,0,1,1,0,1,1,0,0,4
5520,2,0,1,2,1,0,0,0,0,2,0,8
5522,5,4,3,6,8,5,3,2,2,10,2,50
5523,2,1,4,1,8,9,1,4,4,7,2,43
5540,14,16,16,26,18,21,7,23,26,35,3,205
5550,4,1,0,4,0,0,0,2,2,2,1,16
5552,1,1,0,2,0,1,0,0,2,4,0,11
5554,13,11,14,9,15,11,9,16,13,20,4,135
5555,2,1,1,2,6,1,0,2,2,4,0,21
5556,22,22,19,22,16,24,5,11,16,29,1,187
5558,13,15,18,32,21,20,20,21,21,29,7,217
5560,1,0,1,0,0,0,1,3,4,1,1,12
5570,0,4,0,4,0,3,3,3,0,1,0,18
5571,3,10,10,3,1,4,2,7,7,5,3,55
5572,0,0,0,0,0,0,0,2,1,1,0,4
5573,15,4,4,3,11,12,1,13,11,10,3,87
5575,11,8,7,6,8,12,2,9,7,15,3,88
5576,2,1,0,4,2,3,3,0,3,2,0,20
5577,3,0,3,2,0,1,1,4,5,2,1,22
5580,1,1,1,1,1,1,2,4,2,3,0,17
5581,3,1,3,3,3,1,0,1,2,7,0,24
5582,3,2,3,2,2,2,3,7,3,7,1,35
5583,3,2,2,4,4,1,2,2,2,4,3,29
5600,7,1,16,5,12,2,5,12,6,11,1,78
5601,0,0,0,0,0,0,0,0,0,1,0,1
5602,4,2,3,5,3,2,1,2,7,2,1,32
5603,3,1,0,1,0,0,0,1,0,0,1,7
5604,1,1,1,1,0,0,1,0,1,0,0,6
5605,2,5,5,4,4,4,1,4,6,5,0,40
5606,11,16,17,20,30,26,13,19,15,22,0,189
5607,8,8,10,11,15,26,5,11,19,21,0,134
5608,5,7,16,7,18,8,8,15,19,6,3,112
5609,2,2,5,3,3,5,1,1,2,4,1,29
5631,1,2,2,1,1,1,0,0,3,3,0,14
5632,0,0,0,0,1,0,0,0,0,0,0,1
5633,0,0,0,0,0,2,0,0,0,0,0,2
5640,0,5,3,1,2,0,1,3,0,0,0,15
5641,0,0,2,2,3,3,3,1,1,1,0,16
5642,0,0,0,0,0,0,0,0,1,1,0,2
5651,1,0,0,0,0,0,0,0,1,0,0,2
5652,0,0,1,0,1,0,0,0,0,2,0,4
5653,0,0,0,0,0,0,0,0,0,1,0,1
5654,0,0,0,2,0,0,0,1,2,0,0,5
5655,0,0,0,0,0,1,1,0,0,0,0,2
5670,0,0,0,2,4,4,0,3,4,3,0,20
5671,0,0,1,0,0,0,0,0,0,0,0,1
5680,1,4,3,3,6,8,0,5,5,5,1,41
5690,2,1,3,8,5,6,0,2,4,3,0,34
5700,7,10,16,8,14,11,4,15,14,20,1,120
5710,4,1,1,8,3,8,2,5,2,4,0,38
5713,0,0,0,0,2,0,0,0,1,0,0,3
5722,0,0,0,0,1,0,0,1,0,0,0,2
5723,0,2,0,0,0,0,0,0,0,0,0,2
5724,0,2,0,0,0,0,0,0,0,0,0,2
5725,0,2,0,2,1,0,1,0,1,1,0,8
5731,1,0,0,0,0,0,0,0,0,0,0,1
5733,0,0,0,2,0,0,0,0,0,0,0,2
6000,0,2,1,5,2,4,4,3,5,6,2,34
6003,2,1,3,0,0,1,3,3,2,2,1,18
6004,0,2,4,2,3,4,1,2,1,4,1,24
6005,1,2,0,0,2,2,2,1,4,1,1,16
6006,10,18,13,13,11,17,14,16,13,21,4,150
6007,10,7,8,16,11,5,9,7,11,6,3,93
6008,16,14,22,23,22,33,18,20,28,25,9,230
6009,13,22,22,33,36,35,17,34,45,56,16,329
6010,14,17,24,32,34,28,26,27,26,32,7,267
6011,7,12,13,13,10,16,14,14,19,19,8,145
6012,11,17,9,12,18,18,9,15,17,15,6,147
6014,18,30,31,48,37,37,22,41,36,53,11,364
6015,9,10,16,11,10,16,7,13,14,25,5,136
6016,10,14,23,17,21,12,8,16,26,16,5,168
6017,2,0,2,0,5,5,2,1,5,4,1,27
6018,46,59,76,66,71,70,47,57,74,78,31,675
6019,30,26,20,20,32,30,18,23,39,32,16,286
6020,23,40,40,53,43,33,26,50,38,50,19,415
6021,16,23,29,32,24,31,30,37,29,41,16,308
6022,1,5,13,8,10,10,8,8,13,12,4,92
6023,13,20,26,31,29,46,34,27,31,46,17,320
6024,7,16,23,20,29,13,20,28,25,40,10,231
6025,27,48,41,66,53,47,59,57,68,62,31,559
6026,16,35,39,52,58,45,46,47,46,42,25,451
6027,41,53,48,63,75,71,59,78,86,86,41,701
6028,24,23,36,52,46,41,27,36,70,66,20,441
6029,1,4,4,3,3,3,2,7,5,10,2,44
6030,33,42,62,64,60,78,54,68,73,90,43,667
6031,25,38,33,33,44,48,33,41,34,51,14,394
6032,0,0,0,0,0,0,1,0,0,1,0,2
6033,0,0,1,1,1,1,1,1,3,1,0,10
6034,5,11,19,20,24,8,16,38,28,20,12,201
6035,7,25,33,32,38,25,32,38,33,39,17,319
6036,12,22,35,27,24,27,20,39,32,44,15,297
6037,7,13,13,10,19,9,11,14,13,18,9,136
6038,9,39,18,23,39,32,25,35,30,31,18,299
6041,1,0,2,5,3,3,6,2,6,5,1,34
6042,0,0,0,0,0,0,0,1,0,0,0,1
6043,2,2,1,0,0,0,0,1,1,0,0,7
6044,2,1,1,3,3,3,1,3,2,3,0,22
6050,7,19,23,26,21,36,25,24,27,39,9,256
6051,8,7,15,20,18,14,5,16,14,15,8,140
6052,9,14,19,15,22,19,13,20,20,17,12,180
6053,11,19,21,29,24,23,17,23,27,39,10,243
6054,15,19,29,34,22,37,28,22,28,26,20,280
6055,41,75,109,117,116,154,109,120,140,145,40,"1,166"
6056,38,46,62,63,62,59,51,63,71,101,34,650
6057,7,18,20,23,23,29,25,22,35,31,16,249
6058,9,9,32,31,24,17,27,23,25,41,10,248
6059,18,20,27,53,49,45,40,40,40,55,10,397
6060,18,23,20,28,35,24,23,17,36,30,14,268
6061,13,24,23,48,38,33,34,42,27,38,11,331
6062,21,38,44,56,47,57,40,54,65,63,20,505
6063,12,26,26,30,26,46,33,26,30,38,7,300
6064,15,28,22,35,39,38,24,30,42,36,12,321
6065,56,108,128,148,169,192,139,147,207,204,57,"1,555"
6066,13,26,24,39,17,22,23,25,52,52,8,301
6069,39,95,76,100,111,141,107,122,141,110,40,"1,082"
6070,3,7,0,7,6,3,6,4,7,14,3,60
6071,7,7,4,5,6,3,9,8,9,12,2,72
6072,0,2,0,2,2,4,2,1,3,4,0,20
6073,2,3,1,4,5,3,9,10,5,14,2,58
6074,3,4,1,5,5,0,1,4,1,5,0,29
6076,18,19,40,47,45,39,37,35,39,60,17,396
6077,1,2,1,5,4,3,4,3,5,10,3,41
6078,0,1,0,3,2,3,0,2,3,3,2,19
6079,0,0,0,0,0,0,1,0,0,0,0,1
6081,4,4,7,9,13,7,10,10,3,15,2,84
6082,4,3,4,6,6,10,8,5,8,7,4,65
6083,5,8,8,8,6,8,3,9,10,10,1,76
6084,12,36,38,32,24,34,36,40,37,43,12,344
6090,0,0,0,1,2,1,0,2,0,3,0,9
6100,5,21,18,26,19,17,11,22,19,23,4,185
6101,9,19,25,28,39,20,25,24,39,34,12,274
6102,6,9,13,22,14,13,15,11,21,26,5,155
6103,3,7,10,11,6,7,10,11,10,21,5,101
6104,8,17,22,29,26,27,15,23,29,30,9,235
6105,6,11,18,29,15,16,27,18,23,26,12,201
6106,0,0,0,0,1,0,0,1,0,0,1,3
6107,42,57,64,95,79,86,66,70,98,153,33,843
6108,21,24,41,35,37,36,29,40,58,39,14,374
6109,8,14,10,15,20,17,20,16,21,25,9,175
6110,33,63,57,97,84,99,78,89,101,110,45,856
6111,25,34,39,38,60,31,36,40,47,47,15,412
6112,80,112,122,175,181,173,159,207,225,238,119,"1,791"
6121,3,5,7,8,11,9,3,7,4,10,1,68
6122,55,54,55,51,59,67,50,89,53,89,42,664
6123,4,4,7,2,2,9,5,7,6,2,8,56
6124,1,2,1,0,2,2,2,1,0,3,1,15
6125,2,7,5,6,6,6,2,5,9,14,5,67
6126,1,0,0,0,0,0,0,2,0,0,0,3
6147,11,21,21,29,31,30,21,24,25,26,14,253
6148,25,50,43,58,58,48,35,49,68,60,16,510
6149,27,49,61,46,55,56,38,29,71,68,17,517
6150,24,35,30,43,33,29,28,32,42,52,13,361
6151,10,21,16,20,24,14,10,16,27,29,11,198
6152,21,41,35,50,58,40,38,37,39,47,13,419
6153,24,40,41,39,42,52,38,48,67,79,17,487
6154,20,21,27,24,15,15,18,16,23,25,9,213
6155,62,101,135,162,137,128,93,157,175,223,49,"1,422"
6156,16,35,26,26,30,27,19,29,33,32,16,289
6157,8,19,16,32,13,21,16,15,24,20,8,192
6158,13,11,12,15,10,14,5,10,17,13,3,123
6159,2,5,4,8,5,4,3,5,5,5,0,46
6160,6,9,6,12,8,8,6,14,13,16,3,101
6162,6,20,18,23,23,19,19,17,20,29,8,202
6163,25,53,68,94,87,95,69,89,91,107,50,828
6164,81,133,128,169,166,165,141,164,194,244,75,"1,660"
6166,6,21,15,19,19,20,21,12,23,35,7,198
6167,30,37,40,41,52,47,49,54,65,70,23,508
6168,15,32,24,39,32,20,23,25,37,39,16,302
6169,24,32,39,48,46,54,41,60,66,56,33,499
6170,11,41,36,44,56,53,47,47,55,90,19,499
6171,55,79,83,130,126,83,132,132,99,147,56,"1,122"
6172,14,30,30,31,24,15,28,37,29,22,11,271
6173,14,16,36,32,21,21,25,22,21,34,7,249
6174,5,10,17,15,18,12,22,19,18,14,7,157
6175,9,4,9,6,11,7,5,15,15,15,3,99
6176,2,4,6,8,2,3,9,5,7,9,0,55
6180,16,16,9,24,25,14,31,25,26,25,6,217
6181,0,0,2,1,0,0,0,0,0,2,0,5
6207,0,3,5,9,4,8,4,3,2,7,1,46
6208,17,21,16,34,37,35,23,28,42,36,13,302
6209,3,8,2,5,3,2,2,3,5,4,7,44
6210,93,94,100,120,130,101,103,130,150,130,82,"1,233"
6211,12,22,14,22,18,18,14,20,28,32,7,207
6213,0,0,1,2,1,2,0,1,1,0,0,8
6214,0,1,0,3,3,0,1,0,3,2,0,13
6215,5,5,6,7,4,7,3,5,3,11,0,56
6218,1,0,0,0,1,1,0,0,1,0,1,5
6219,0,0,0,0,0,2,1,0,1,1,1,6
6220,4,3,6,4,4,8,2,3,5,2,2,43
6221,0,0,0,0,0,1,0,0,0,0,0,1
6223,0,0,0,1,1,0,0,1,0,0,0,3
6224,0,1,0,2,0,0,1,1,1,1,1,8
6225,6,5,2,9,8,5,3,10,9,5,1,63
6226,2,2,0,5,1,1,1,1,2,1,0,16
6227,1,1,2,0,3,1,1,0,0,0,1,10
6228,0,0,0,0,0,0,0,1,0,0,0,1
6230,29,27,39,51,54,58,32,47,50,62,14,463
6232,6,5,12,12,14,8,11,14,7,22,2,113
6233,24,23,38,36,37,26,16,26,23,32,12,293
6236,1,4,1,3,5,4,2,3,5,9,0,37
6237,6,5,2,4,4,6,3,2,4,4,0,40
6239,5,5,8,6,8,7,6,8,5,10,1,69
6240,0,0,0,0,0,0,0,0,0,1,0,1
6243,0,0,1,0,0,0,0,0,0,0,0,1
6244,0,0,0,2,3,2,0,0,1,2,0,10
6251,0,1,1,0,0,3,0,1,0,1,0,7
6252,0,0,0,0,1,2,0,0,0,1,0,4
6253,0,1,1,1,2,0,1,1,3,1,0,11
6254,0,0,0,1,0,0,0,0,2,0,0,3
6255,3,3,4,6,3,11,2,4,5,6,2,49
6256,0,0,0,0,1,1,0,0,0,1,0,3
6258,2,1,5,2,2,5,2,3,2,5,1,30
6260,2,1,0,3,3,4,0,0,1,5,1,20
6262,2,1,1,1,0,0,0,0,2,3,1,11
6271,4,3,5,2,1,10,5,3,6,5,2,46
6275,4,1,1,1,0,3,2,1,3,4,0,20
6280,34,38,47,63,57,83,52,43,58,59,11,545
6281,8,4,11,15,21,13,8,17,15,24,4,140
6282,1,3,5,3,4,6,1,3,10,9,0,45
6284,4,2,4,6,4,8,5,3,4,13,2,55
6285,8,7,12,20,11,22,20,23,14,28,4,169
6286,3,2,2,0,4,8,1,4,4,15,0,43
6288,1,0,0,4,1,0,1,1,1,3,0,12
6290,2,3,0,1,1,0,3,1,1,5,1,18
6302,1,9,4,3,8,5,7,4,7,7,2,57
6304,1,2,3,2,2,1,1,2,4,3,0,21
6306,0,0,0,2,0,0,0,0,0,1,1,4
6308,0,0,1,2,0,1,1,1,1,1,0,8
6309,0,0,0,1,0,1,0,0,1,1,0,4
6311,1,0,0,0,2,0,0,2,1,0,0,6
6312,1,2,1,4,9,6,1,0,4,2,1,31
6313,0,0,0,0,2,1,0,0,1,0,0,4
6315,2,1,0,1,1,1,0,2,0,2,2,12
6317,0,1,1,2,0,1,0,0,2,3,0,10
6318,1,0,0,0,0,0,0,1,0,0,0,2
6321,0,0,0,0,1,0,0,0,0,0,0,1
6322,0,0,2,0,0,0,0,0,0,0,0,2
6323,0,0,1,0,1,0,1,0,1,0,0,4
6324,0,2,1,2,3,7,0,1,1,0,1,18
6326,0,0,0,2,0,0,0,0,1,1,0,4
6327,0,0,1,0,0,0,0,0,0,0,0,1
6328,0,0,1,0,0,0,0,0,0,1,0,2
6330,12,24,18,34,27,40,14,20,30,37,9,265
6333,0,6,3,7,9,6,6,4,11,16,2,70
6336,1,0,0,0,0,0,0,0,0,0,0,1
6337,0,0,0,0,0,0,0,0,1,0,0,1
6338,1,1,0,2,2,1,0,1,0,1,0,9
6341,0,0,0,0,0,1,0,0,0,0,0,1
6348,1,0,0,0,0,1,0,1,0,0,0,3
6350,0,0,0,2,0,0,0,0,0,0,0,2
6353,0,0,2,0,0,0,0,0,0,0,0,2
6358,0,1,0,0,0,0,0,1,0,0,0,2
6363,0,0,0,1,0,0,0,0,0,0,0,1
6365,0,0,1,1,0,0,1,0,0,1,0,4
6368,0,0,0,0,0,1,0,0,0,0,0,1
6369,0,1,0,0,0,0,0,0,0,0,0,1
6370,0,0,0,0,0,0,0,0,1,1,0,2
6375,0,1,0,0,0,0,0,0,1,0,0,2
6383,0,1,0,1,1,0,1,0,1,0,1,6
6390,0,1,2,2,5,3,0,2,1,3,2,21
6391,3,0,1,1,0,0,0,1,0,0,0,6
6392,0,0,0,0,0,0,0,0,1,1,1,3
6394,0,0,0,0,0,0,1,0,0,0,0,1
6395,0,0,0,0,1,1,0,0,1,0,0,3
6396,0,1,0,0,0,0,0,0,0,0,0,1
6398,0,0,0,0,0,2,1,1,0,1,1,6
6401,2,8,3,9,8,7,5,5,8,11,4,70
6405,0,0,0,0,0,0,0,0,0,1,0,1
6407,0,0,0,0,1,0,0,0,1,1,0,3
6410,0,0,0,1,0,0,1,0,0,0,0,2
6415,1,0,1,1,0,0,0,0,1,1,0,5
6418,0,0,0,0,0,0,1,1,0,0,0,2
6421,0,0,0,0,0,0,0,0,0,1,0,1
6422,0,0,0,0,0,0,0,1,0,0,1,2
6426,0,0,0,0,0,0,0,1,1,0,0,2
6429,0,0,0,1,0,0,0,0,0,0,0,1
6430,0,4,15,0,17,3,2,6,7,16,2,72
6432,0,0,7,1,1,0,2,1,0,2,0,14
6442,0,0,1,2,1,0,0,0,1,1,0,6
6443,0,0,0,0,0,1,0,0,0,0,0,1
6445,0,0,1,0,0,0,0,0,0,0,0,1
6450,0,1,19,3,14,2,1,5,8,1,0,54
6460,1,1,0,1,0,0,0,0,0,3,0,6
6461,0,0,0,1,0,1,0,1,0,0,0,3
6462,0,1,0,1,0,1,0,0,0,0,0,3
6475,0,0,0,0,0,2,0,0,0,0,0,2
6476,0,0,1,0,0,0,0,0,0,0,0,1
6479,0,0,0,0,0,1,0,0,0,1,0,2
6501,1,3,2,2,3,2,4,3,1,2,1,24
6502,2,3,3,1,3,4,2,1,0,8,0,27
6503,0,1,8,5,3,1,2,2,5,7,1,35
6504,0,0,0,0,0,0,0,0,0,3,1,4
6507,0,0,0,0,0,0,1,1,2,1,1,6
6510,0,1,0,2,0,2,0,0,4,2,1,12
6511,0,1,1,0,0,1,1,0,0,1,0,5
6514,0,1,1,1,2,2,0,1,3,2,0,13
6516,2,4,4,9,7,9,4,4,4,5,3,55
6519,0,0,1,0,0,1,0,0,0,0,0,2
6521,0,0,0,0,0,0,0,0,0,1,0,1
6522,0,0,0,0,0,1,0,0,0,0,0,1
6525,1,8,2,1,4,4,3,3,11,9,2,48
6528,0,0,0,0,1,0,0,1,0,0,0,2
6530,22,12,26,26,25,19,15,25,27,33,10,240
6532,3,9,7,11,12,3,1,10,6,8,2,72
6535,0,0,1,2,1,0,3,1,0,0,0,8
6536,4,1,1,5,2,0,0,2,1,2,1,19
6556,2,3,2,2,1,2,3,1,4,4,4,28
6558,1,2,1,1,0,1,0,1,0,2,0,9
6560,0,2,2,3,4,1,0,1,3,4,1,21
6562,3,0,0,5,5,4,0,0,3,4,0,24
6564,1,1,0,0,2,0,0,0,1,1,0,6
6566,4,4,4,4,10,7,3,7,8,4,5,60
6567,0,0,1,0,0,2,0,1,1,1,0,6
6569,0,0,0,0,0,1,0,0,0,0,0,1
6575,0,0,1,0,0,0,0,0,0,0,0,1
6603,1,0,0,0,1,1,0,1,2,2,1,9
6608,0,0,0,0,0,1,0,0,0,0,0,1
6609,0,0,0,1,0,2,0,0,1,0,0,4
6612,0,0,0,0,0,0,0,0,1,0,0,1
6630,0,1,1,0,0,0,1,1,0,0,0,4
6635,0,0,1,0,0,0,0,0,0,0,0,1
6642,0,1,0,0,0,0,0,0,0,0,0,1
6701,0,1,0,1,2,1,0,0,2,2,0,9
6705,0,0,2,0,0,0,0,0,0,0,0,2
6707,0,0,0,0,0,5,4,0,1,0,0,10
6710,0,0,0,0,0,0,0,0,2,0,0,2
6713,0,0,0,0,0,0,2,0,0,0,0,2
6714,0,2,0,1,1,4,5,4,1,3,0,21
6718,0,0,0,0,0,1,1,0,0,0,0,2
6721,0,0,0,0,0,0,3,2,0,2,0,7
6722,0,1,0,2,0,2,4,4,0,3,0,16
6725,2,1,2,1,5,7,2,3,0,5,0,28
6726,1,0,0,0,1,9,1,2,3,3,0,20
6728,2,0,0,0,2,0,0,0,0,0,0,4
6743,0,0,0,0,0,0,0,0,0,3,0,3
6751,1,1,0,0,0,0,0,0,0,0,0,2
6753,4,2,1,0,0,1,0,0,0,0,0,8
6760,0,0,0,0,0,0,0,0,0,1,0,1
6765,1,0,0,0,0,0,0,0,0,0,0,1
6770,0,0,0,0,0,0,0,0,0,3,0,3
7000,10,9,14,11,13,12,5,8,16,10,6,114
7004,8,8,4,6,4,5,0,4,7,13,4,63
7005,11,10,5,13,9,8,7,13,8,30,2,116
7007,4,5,4,4,7,6,1,1,2,9,1,44
7008,10,5,11,10,6,8,9,9,7,19,4,98
7009,3,2,5,6,8,8,8,7,4,10,1,62
7010,3,4,5,4,6,9,7,3,5,9,2,57
7011,10,9,7,8,3,16,9,11,8,13,5,99
7012,1,1,0,0,0,1,0,1,1,2,0,7
7015,10,8,10,12,8,10,7,7,7,17,4,100
7016,3,2,1,2,2,4,1,1,0,0,0,16
7017,7,6,8,5,7,6,3,8,9,16,1,76
7018,23,20,14,13,19,28,11,19,21,32,2,202
7019,3,3,5,3,7,3,2,7,5,3,5,46
7020,3,2,1,2,3,2,2,1,6,10,0,32
7021,2,1,5,3,3,2,0,1,6,3,2,28
7022,0,2,0,0,0,1,0,1,2,1,0,7
7023,0,2,2,1,1,3,1,0,2,1,0,13
7024,1,0,1,0,1,1,0,0,1,1,0,6
7025,1,3,3,1,0,5,0,2,1,6,3,25
7026,0,1,0,1,1,5,1,1,0,2,0,12
7027,0,0,1,1,0,0,0,0,1,1,0,4
7030,6,7,9,11,7,16,6,13,12,23,1,111
7050,13,15,14,15,14,18,4,15,18,35,5,166
7052,9,9,5,11,3,3,5,15,7,18,7,92
7053,2,2,7,2,0,4,2,6,11,6,2,44
7054,9,9,7,8,7,11,6,9,15,16,2,99
7055,0,0,0,0,0,0,0,2,1,2,0,5
7109,9,6,9,9,11,19,0,18,12,26,2,121
7112,6,4,2,5,3,6,6,4,5,9,3,53
7113,2,0,1,0,1,1,0,1,4,3,0,13
7116,0,2,1,5,4,5,2,0,5,9,2,35
7117,2,2,0,1,3,2,1,2,2,1,0,16
7120,0,0,2,1,0,0,1,1,2,0,1,8
7140,3,8,9,14,9,3,4,9,6,19,4,88
7150,5,8,6,4,7,6,3,7,7,10,1,64
7155,2,2,2,0,0,0,0,4,3,3,1,17
7162,1,1,1,1,0,0,0,2,2,5,0,13
7163,2,1,1,0,1,0,0,0,1,1,0,7
7170,6,2,5,7,8,11,2,12,9,22,2,86
7171,3,3,4,1,3,5,2,2,8,3,0,34
7172,3,1,3,4,4,4,1,3,2,2,0,27
7173,5,5,6,8,7,12,1,7,6,14,3,74
7174,0,0,0,1,0,0,0,0,0,1,1,3
7175,1,2,3,0,0,0,0,1,0,3,0,10
7176,0,0,0,0,0,0,1,0,0,0,0,1
7177,0,0,1,2,1,1,0,2,0,2,0,9
7178,0,0,0,2,0,1,0,1,1,1,0,6
7179,0,0,1,0,2,1,0,1,1,2,0,8
7180,1,0,0,0,0,0,0,1,1,1,0,4
7182,0,0,0,1,0,2,0,0,0,4,1,8
7183,0,0,0,0,0,0,0,0,0,1,0,1
7184,4,1,1,1,3,2,3,5,1,1,0,22
7185,0,1,1,1,2,1,0,1,1,1,0,9
7186,1,1,0,0,1,2,1,0,1,1,0,8
7187,0,1,0,0,0,0,0,1,0,0,1,3
7190,4,6,3,2,8,7,2,5,1,10,2,50
7209,0,1,0,0,1,0,0,0,0,1,0,3
7210,0,0,0,0,1,0,0,0,1,1,0,3
7211,0,0,0,0,1,0,0,0,0,0,0,1
7212,1,0,2,1,1,1,1,0,4,4,0,15
7213,0,0,0,0,0,0,0,0,1,0,0,1
7214,0,1,0,0,0,1,0,0,1,0,0,3
7215,1,6,4,3,6,8,3,5,5,9,0,50
7216,3,2,1,3,3,2,4,0,6,7,1,32
7248,2,7,3,5,2,2,3,3,8,4,2,41
7249,5,4,3,5,6,12,0,4,8,9,0,56
7250,25,22,25,28,24,31,14,17,25,49,6,266
7252,3,1,2,4,2,9,0,4,3,6,0,34
7253,4,0,4,2,5,2,3,4,3,4,1,32
7254,0,0,0,0,1,1,0,0,1,3,0,6
7255,0,0,0,0,0,4,0,0,1,1,1,7
7256,0,0,0,0,0,2,1,0,0,0,0,3
7258,1,3,3,0,2,2,0,0,1,1,0,13
7259,0,2,1,0,1,0,0,1,3,2,0,10
7260,0,0,0,0,0,2,0,2,1,3,0,8
7261,0,1,0,0,0,0,0,0,0,0,0,1
7262,0,1,3,1,0,2,0,0,2,3,1,13
7263,0,0,0,0,0,0,0,1,2,1,0,4
7264,1,0,0,0,0,1,2,0,1,0,0,5
7265,1,0,0,0,0,0,0,0,0,0,0,1
7267,1,2,1,1,1,2,1,0,0,4,0,13
7268,2,0,0,1,1,3,1,0,2,1,0,11
7270,8,4,2,0,3,2,0,2,2,10,0,33
7275,5,8,3,6,2,4,4,2,6,11,0,51
7276,2,0,0,0,1,1,1,1,1,1,0,8
7277,1,6,9,6,2,6,0,7,6,13,1,57
7290,2,1,1,1,0,2,0,0,1,5,1,14
7291,0,0,1,0,0,2,0,1,0,1,0,5
7292,0,0,0,1,0,0,0,1,2,1,0,5
7300,3,1,2,2,3,2,3,1,2,0,2,21
7301,3,2,2,4,0,2,1,1,2,6,1,24
7302,0,1,1,0,2,0,0,0,0,3,0,7
7303,3,2,1,1,2,1,2,2,4,7,0,25
7304,7,7,6,9,9,4,3,6,7,12,1,71
7305,1,0,1,2,1,1,0,0,2,3,0,11
7306,1,7,2,3,3,6,2,2,5,7,0,38
7307,9,9,15,5,7,6,5,5,3,14,2,80
7310,18,9,11,11,10,19,10,7,15,19,1,130
7315,11,7,12,8,6,10,16,6,6,13,0,95
7316,3,3,5,3,6,4,4,4,5,7,0,44
7320,13,1,7,11,10,1,4,9,13,8,1,78
7321,2,2,3,1,4,5,2,3,8,3,0,33
7322,3,4,3,1,1,1,1,6,2,4,0,26
7325,10,4,2,11,9,11,3,12,11,5,1,79
7330,3,1,1,3,4,3,0,2,2,4,1,24
7331,0,0,0,0,0,0,0,0,0,1,0,1
7467,0,0,0,2,0,0,0,3,1,0,0,6
7468,0,0,0,1,0,0,0,0,0,0,1,2
7469,2,0,0,0,0,0,3,1,0,0,1,7
7470,0,0,0,0,0,1,0,0,0,1,0,2
